tz,population,male,female,age_under_14,age_15_29,age_30_54,age_55_over,white,black,asian,others,two_or_more,less_high_school,high_school,college,bachelor,graduate,median_income_households,median_income_families,median_income_nonfamily,mean_income_households,mean_income_families,mean_income_nonfamily,percent_below_poverty,unemployment_rate,percent_uninsured,mean_price_per_sqft,median_price_per_sqft,citibike_spatial,mobile-device_spatial,sr311_spatial,subway_spatial,taxi_spatial,twitter_spatial
1,,,,,,,,,,,,,,,,,,,,,,,,,,,,,0,383102,0,0,95418,1546
2,0,0,0,,,,,,,,,,,,,,,,,,,,,,,,,,0,6348,0,0,73,44
3,32450,15235,17215,16.35185641,20.03341,34.41950874,29.19522485,31.95993837,35.18952234,8.311248074,21.49460709,3.044684129,20.7484586,26.07117771,28.83009444,14.75454616,9.595723094,58999.68659,68423.31443,31895.21299,78914.24493,86548.96324,42915.01299,13.46737134,10.04511556,8.402711864,318.6917868,315.1041667,0,109300,700,225527.5,31960,480
4,27571,12546,15025,12.03267462,24.91056304,38.00778519,25.04897715,40.20166117,13.77897066,14.18519459,27.41648834,4.417685249,21.63792735,21.19721022,20.14890249,27.56835394,9.447606007,43150.42329,45648.73956,44695.58889,67117.32603,71106.79636,63049.39407,31.59088898,9.031957492,8.955406043,,,31545,179644,399,0,178515,85
5,26482,13082,13400,18.40016589,17.31689434,36.13318257,28.14975719,89.06427007,1.771014274,6.532739219,1.291443244,1.340533192,7.779129166,30.06081245,30.16784237,21.50328387,10.48893213,87056.58911,95815.28951,30256.87243,101280.5935,109982.1953,59388.70938,6.945072124,5.503406087,3.673850162,289.5525911,276.1627907,0,56271,490,0,3667,40
6,15896,7362,8534,18.70913495,19.24445097,33.42263241,28.62378166,74.06894816,6.831907398,12.83341721,4.497986915,1.767740312,11.69210783,26.41279636,25.94186424,21.92270218,14.03052939,73153.69712,83524.10317,36179.0533,87520.10072,97957.84669,52072.9547,12.47815174,7.954321842,7.727484902,374.5130766,357.3214286,0,147674,255,0,7456,88
7,77252,37588,39664,10.91525689,25.50872426,41.76588844,21.81013041,64.90187956,5.00699011,16.78920934,9.86770569,3.434215295,14.68229854,19.17028561,19.69348886,30.9623679,15.49155909,60065.40769,64176.53591,56695.89673,76137.93562,80829.94899,70406.80532,14.81164759,7.161387407,14.30628074,496.8037012,501.8382353,0,508255,1389,3336898,362180,2294
8,0,0,0,,,,,,,,,,,,,,,,,,,,,,,,,,0,25315,6,0,2900,124
9,20609,10181,10428,16.025799,16.58622389,35.04453613,32.34344098,43.78669513,1.344072978,46.66893105,3.741083992,4.459216847,13.68540263,24.61703523,25.42170829,21.7500149,14.52583895,77457.43736,83156.01281,49445.13505,92044.95012,101447.0196,58063.06568,6.281673055,6.137391431,10.18967441,547.856526,548.4969054,0,159111,377,0,16753,123
10,39079,18449,20630,19.3281773,23.28697077,35.31188578,22.07296615,5.066659843,73.78899153,5.504235011,12.89695233,2.743161289,16.86751021,34.42123586,33.06888934,10.71835041,4.924014193,61966.78316,67835.47714,31399.63703,74778.57843,79173.67819,48251.37198,14.0020804,10.614962,10.49557563,304.2321582,300.7463102,0,321007,863,0,52272,267
11,33163,16686,16477,17.94820482,18.79697537,36.24401611,27.0108037,51.34939541,1.64942858,36.45629165,9.064318668,1.480565691,21.92248657,25.70606293,19.7390637,22.40982348,10.22256332,60655.59372,69765.8282,26299,75950.31939,85668.2733,46347.87581,14.34505624,6.961188674,10.62125863,532.2065877,528.7054639,0,241014,605,307178.5,22630,44
12,0,0,0,,,,,,,,,,,,,,,,,,,,,,,,,,6324,31881,26,0,26225,112
13,15935,8054,7881,22.23019157,12.02998323,51.33192443,14.40790077,74.15123941,1.468465642,19.25949168,1.725760904,3.39504236,1.115518096,3.801024624,9.552140142,43.42257478,42.10874236,169898.95,232943.2145,119024.7728,239887.367,296387.3011,173246.9469,5.30215877,3.374659554,3.418864136,,,86660,159019,157,0,360070,119
14,79134,37829,41305,16.49103917,18.61054909,37.05855656,27.83985518,71.92736371,2.172264766,14.6169788,8.110293932,3.173098794,13.55116831,19.53486193,22.36817443,27.07266025,17.47313507,62743.19366,79156.49876,47205.39678,86318.90973,104330.2013,61292.01787,15.54544191,7.439400258,8.779915081,545.6885079,546.9417735,0,570900,1909,2017773,128208,744
15,21945,10199,11746,13.05888361,12.8747731,33.61744052,40.44890277,68.7309182,1.594896332,22.22829802,5.181134655,2.264752791,9.189102047,22.58584556,23.3865334,26.04116288,18.79735612,75197.80067,94019.33322,51700.97119,92041.18999,108463.0529,66759.24897,7.104875826,6.113119162,3.847391205,543.4372887,537.8787879,0,139605,201,0,17753,405
16,44864,21722,23142,15.01098612,17.5211203,35.5061948,31.96169878,49.11064551,1.763106277,42.19864479,4.384361626,2.543241797,10.70490368,22.19242557,26.35726795,25.08756567,15.65783713,81898.69661,88119.97061,55718.88559,97748.67785,107125.1571,68426.16828,7.322363142,6.023687143,9.090096737,541.4923872,541.3812785,0,458862,726,0,43775,542
17,75318,36491,38827,25.81600218,26.2739405,32.0485637,15.86149361,41.39116811,44.63474867,3.094877718,7.992777291,2.886428211,20.54817809,26.35108332,22.94149871,20.22705378,9.932186101,42492.02897,46805.29635,36938.22103,62615.93545,68176.38714,52358.77845,34.35060012,12.24396426,8.902814732,521.7375185,514.8148148,30974,311910,1735,1688664,262720,2624
18,55995,26934,29061,22.63692385,24.5735918,34.45251851,18.33696584,15.17992678,19.84462898,4.08429324,56.12643986,4.764711135,30.99368123,29.67137525,26.35829125,9.802629974,3.174022299,33968.90126,35783.42495,25340.83806,46891.87136,48826.58158,38376.47088,33.49203679,14.89155817,14.46429503,188.4087844,163.8602724,0,480999,1499,1808960,69682,460
19,26916,13117,13799,18.01039419,20.78295676,32.76614985,28.4404992,38.80962996,7.047852578,41.84128399,9.113538416,3.187695051,11.10901724,30.38726091,26.77847922,19.66927353,12.05596909,70464.73889,87308.88445,37650.27438,87757.78589,99407.17429,48883.54631,11.61775895,5.650936246,8.516257988,407.5257734,402.2988506,0,126534,470,0,12754,55
20,29372,14071,15301,22.76835431,36.31125478,28.49001844,12.43037246,27.60111671,16.82554814,1.909982296,50.87838758,2.784965273,26.331682,27.25171031,34.78650625,7.747110167,3.882991272,25535.26481,27862.7925,18744.65112,35447.45371,36290.9691,31872.99506,44.94536634,13.64173362,15.76185142,214.169391,188.7432996,0,330869,628,0,46469,464
21,64267,31283,32984,16.51662931,19.58233002,35.47048164,28.43055903,51.59257473,1.093873994,38.76639644,7.212099522,1.335055316,23.80471511,26.9584806,19.91299957,20.63152989,8.692274828,48419.52801,55755.27458,19425.67197,65715.1257,73061.94046,40483.34884,19.29637294,8.566552041,11.43246456,517.7325269,519.4020955,0,577200,1045,2493896.5,51106,142
22,91646,44651,46995,17.68067309,20.16307932,35.57768062,26.57856697,48.76481243,0.980948432,40.76991904,8.323331078,1.160989023,26.53887614,27.57677106,20.36125929,18.91152326,6.611570248,50830.11495,57072.76342,35753.29863,70198.33157,75552.16352,49664.86517,18.26464876,8.818352138,12.0050586,505.4666981,524.1935484,0,474066,1477,1482998,63221,232
23,40866,19498,21368,18.08961373,18.65185955,32.13562217,31.12290455,74.64640532,5.569422013,15.23760583,2.407869623,2.138697206,10.93540019,31.6842204,28.47454449,17.92668063,10.9791543,76892.95435,89241.46207,27247.71289,93660.18733,104817.6953,47348.35661,9.799755298,6.163184554,5.383514413,337.26442,329.1171542,0,538082,767,0,19958,218
24,16699,7620,9079,15.13715095,24.11033432,35.94117069,24.81134404,60.95574585,9.725133242,10.17426193,12.74327804,6.401580933,11.79972742,13.82253784,14.48963489,31.5328886,28.35521125,74954.82118,109966.0101,42701.41669,117026.0327,171047.2532,72370.66268,21.20004791,9.455434457,7.479639499,606.2912653,580.1585767,13482,81024,380,1441439,100407,458
25,23149,10914,12235,13.78197783,22.02196447,43.90137463,20.29468307,57.03918096,18.37660374,7.987386064,11.94868029,4.648148948,13.39717846,13.33539285,14.40634332,31.97405005,26.88703532,96573.38908,113721.9904,81308.91678,134085.4333,163310.6442,102948.0725,14.64936714,8.157453886,7.080858784,563.4772532,564.1492362,32071,165714,565,1598708,192906,134
26,105913,54032,51881,34.01217598,22.82942595,24.38322304,18.77517503,78.94120646,1.14811213,12.924759,6.130503338,0.85541907,26.03281342,37.13147162,18.75719934,11.60300115,6.475514461,37701.68445,39743.84966,21415.46966,59061.67088,61258.60633,41736.49068,38.28055668,5.684739362,8.33334907,492.7551638,497.1590909,0,628851,1378,1053778,78818,68
27,3935,1906,2029,19.68460512,14.7884343,27.17874412,38.34821647,96.13722999,0.330368488,0.254129606,2.973316391,0.304955527,3.857665447,19.32158297,31.29364815,26.17226472,19.35483871,100707.0474,123902.6077,53142,120251.8532,135472.2085,82803,4.292350699,4.991105464,1.796797967,,,0,68858,36,0,5710,64
28,42224,20596,21628,15.52519726,21.86690348,36.74156346,25.8663358,25.788651,12.47158014,39.64569913,17.15375142,4.940318302,16.37812746,21.11347911,25.76416664,24.36866844,12.37555835,63814.85682,70188.51708,54581.68096,75837.16771,82706.36049,58702.08657,15.54915925,10.49378789,15.48979017,367.3698793,367.2930743,0,376647,570,666112,44496,219
29,34157,16234,17923,15.83960466,16.08751628,32.26124982,35.81162924,76.04883333,0.986620605,14.99546213,5.255145358,2.713938578,12.93623438,24.62300732,23.41304036,25.57446503,13.45325291,35372.12166,59574.96155,15361.57165,61590.24771,81989.528,29996.9259,26.88196563,8.000146383,11.16046198,431.8524095,423.182421,0,220210,616,1933036,42213,32
30,2314,1147,1167,22.12212212,13.81381381,37.13713714,26.92692693,96.02420052,0.518582541,0.216076059,0,3.241140882,12.68011527,34.17867435,31.23919308,11.75792507,10.14409222,77958,101250,57308,95232,111161,62812,10,6.7,2.9,276.9897657,271.3877071,0,14224,57,20394,856,14
31,1468,711,757,20.2,19.2,37.2,23.4,28.40599455,27.52043597,1.566757493,42.50681199,0,22.41835834,23.56575463,27.09620477,20.91791703,6.001765225,45833,50577,31400,53849,54866,50070,20.7,9.7,12.4,,,0,146750,26,0,16413,642
32,37595,18693,18902,19.10964741,23.10713718,33.59336918,24.18984623,25.58850911,31.34725362,3.24777231,35.43290331,4.383561644,27.75418609,27.93026066,28.49991369,10.67495253,5.140687036,36126.20951,41948.36607,19930.17598,46315.21851,51933.03062,31206.15959,27.72277165,14.11307887,15.00389945,248.3037864,229.836977,0,246754,856,550368.5,35801,105
33,24140,12002,12138,12.1500539,20.48946585,43.72721658,23.63326367,76.65700083,5.343827672,9.776304888,3.04059652,5.182270091,3.210657466,10.14951121,14.50067088,34.9626222,37.17653824,113350.0447,176025.9113,79445.03116,178252.0607,261834.1817,112111.6981,10.11103148,3.777638774,6.74046396,769.1192236,795.0592885,39943,189809,363,8388910.5,211080,234
34,351,213,138,15.41541542,17.11711712,61.56156156,5.905905906,62.96296296,4.273504274,7.977207977,19.37321937,5.413105413,2.02020202,23.23232323,12.12121212,42.76094276,19.86531987,119250,110859,91500,146335,145755,125956,1.4,9.4,16.8,,,7086,38944,43,0,23389,36
35,60124,25026,35098,23.31203293,23.62723521,32.92766909,20.13306278,5.852903998,81.28867008,1.619985364,9.363981106,1.87445945,27.12522694,35.82147864,26.95975915,7.54027532,2.553259945,27266.53944,33745.8597,14949.75377,37892.24044,44810.65925,23005.72234,40.20502295,15.96429379,9.897076043,223.1503237,213.0102041,0,531640,1222,1046992,103711,547
36,60834,31025,29809,19.03634641,30.62219149,37.03770096,13.30376115,50.34684551,20.55265148,6.774172338,19.25239175,3.073938916,36.30188036,20.3709619,20.47530825,17.99655018,4.855299304,47274.06846,39350.50906,48475.47146,62341.21201,55756.44944,63556.9774,30.06732913,12.65294572,25.48663576,370.4299732,340,0,362731,2071,2477464,228770,2540
37,75003,36743,38260,17.96827407,29.98004578,33.21413341,18.83754673,37.34783942,35.4825807,3.510526246,20.14719411,3.511859526,27.7892632,24.68650444,23.09360808,19.53162069,4.899003592,40798.61289,42759.02652,29020.32054,56696.57122,55303.94744,53293.48077,27.36370945,13.0441089,17.23204405,408.8113615,379.7727273,6681,494820,2270,1356872,304170,2187
38,19546,8823,10723,13.91805479,17.8448425,33.54894371,34.688159,2.133428835,92.56625397,0.706026809,2.435280876,2.159009516,9.143460965,27.27498757,34.51019393,17.80830433,11.26305321,83334.96991,93019.09515,35214.45442,94176.79428,103956.6417,53679.84544,3.859475084,6.896188478,8.98219073,319.0051202,321.9632849,0,144486,418,0,14803,109
39,88367,38868,49499,18.54012513,22.31875192,33.74340791,25.39771504,6.013557097,86.60812294,2.839295212,3.483200742,1.055824007,14.21414236,28.45172348,33.32405549,16.36025372,7.649824942,63488.43572,71143.62294,27303.73537,76268.44367,83213.68952,45855.04248,14.71067933,8.73747666,9.253161248,328.2283173,304.0587204,0,852492,1714,784800.5,155866,504
40,16896,8149,8747,15.92348595,12.69686186,49.81816472,21.56148748,83.2327178,1.160037879,6.812263258,4.036458333,4.758522727,5.213893967,12.97989031,9.63071298,38.59597806,33.57952468,125260.5108,156633.5557,87226.32337,175358.8023,218736.2754,110947.5964,5.19818892,5.432960464,5.407664536,766.2078011,819.4444444,22888,48381,341,1277410,93723,86
41,50095,23624,26471,17.87339844,22.41439815,39.41341354,20.29878987,25.46361912,55.90777523,5.232059088,9.953089131,3.443457431,16.6893287,21.30482953,20.30518205,22.82570378,18.87495593,54766.08634,66343.85518,41994.42379,87913.70864,103576.9379,70304.12023,27.27910969,7.638001797,8.585934724,561.3365501,527.8778987,0,566658,1321,2685594,315020,4342
42,85872,39882,45990,19.07384231,24.13340702,36.84873093,19.94401973,14.28870878,66.03665921,2.092649525,12.62926216,4.952720328,20.90151696,25.06718825,25.0642021,17.96165791,11.00543478,37379.40305,43680.20856,32820.34703,57737.88094,58955.39261,54431.95012,29.49928265,14.77483347,11.67822224,536.943522,535.7385474,0,952402,2177,1729912,285520,1302
43,5,0,5,20,40,40,0,40,40,0,0,20,25,75,0,0,0,,,,,,,75,0,0,,,120022,234050,125,2026073,361080,9928
44,24794,12202,12592,20.26683404,20.53283685,37.38409588,21.81623322,89.2998306,1.314834234,4.864080019,2.714366379,1.806888763,7.920792079,30.14121084,30.82291836,22.00941406,9.105664665,85830.40002,100547.0508,45582.50054,110586.9743,125846.7532,54405.39505,6.15619908,6.117964024,5.857078325,305.1060533,298.6111111,0,86353,505,0,4910,240
45,22120,11235,10885,10.52406377,18.08300416,37.34031318,34.05261889,13.15551537,10.49276673,67.72603978,5.433996383,3.191681736,40.63881808,23.74759403,12.55267128,16.12651511,6.934401498,29235.66838,36296.06201,17956.61715,47110.91462,54518.75972,34624.9872,26.67339512,10.04283454,7.194552441,,,30793,405117,277,7334300,123107,133
46,4034,1864,2170,16.03206413,12.9258517,34.16833667,36.87374749,76.05354487,0.669310858,5.08180466,17.82350025,0.371839365,9.198903442,28.44958879,27.32257082,18.9460859,16.08285105,80396,111982,40167,91516,120602,60671,4.2,11.3,8.3,367.7905044,357.0176598,0,271228,123,0,4476,165
47,34815,15895,18920,28.60014123,25.48102366,31.26903931,14.6497958,7.281344248,43.42093925,0.048829528,47.15496194,2.093925032,34.70371669,27.27910238,27.60343619,8.397615708,2.016129032,21645.32888,23320.80788,11519.49447,30996.7806,31883.50763,23332.23516,49.64911963,16.82030159,9.581418929,184.3209003,169.5583596,0,267764,661,0,43678,212
48,31550,17509,14041,4.004501402,24.90525501,45.66079556,25.42944803,67.87321712,5.866877971,16.66877971,6.28526149,3.305863708,5.546117718,8.883781353,15.14606442,46.39419073,24.02984577,81940.99791,126114.7228,73004.52143,113157.8356,169310.9935,97941.53867,11.45244374,6.150792393,6.9237813,694.7258326,688.4992264,94364,481542,750,8002350,924550,5052
49,38655,18140,20515,16.61443814,26.10691255,38.30120349,18.97744583,43.8960031,40.77868322,6.392445997,4.506532143,4.426335532,7.335219866,15.56707259,24.83227878,31.92903246,20.3363963,72045.40356,87202.09946,60056.29499,96049.99766,120316.3625,72022.70994,17.42893287,8.224382357,7.856417022,622.8235342,647.7848101,31630,212768,1121,1296204,223330,242
50,12743,6942,5801,6.833162465,24.61636528,45.48575497,23.06471728,67.77838813,9.770069842,15.82829789,4.904653535,1.718590599,7.242530605,12.05376252,14.27103844,37.87346974,28.5591987,90180.57385,85449.76131,88388.75377,131508.4943,166306.767,120558.0151,15.61837087,4.882986738,7.802715216,,,23861,230424,345,0,352090,2724
51,48541,20806,27735,14.56942993,18.66537445,30.95826038,35.80693524,14.05203848,64.39504749,1.166024598,16.11421273,4.272676706,14.48915632,27.03522628,35.63745769,13.97517864,8.862981071,45898.12956,58489.54991,33971.68425,58997.10208,73001.77118,38831.50181,10.73523413,11.22565872,5.774804804,269.7522393,253.968254,0,583238,332,184937,49692,568
52,9931,4867,5064,16.20748655,13.6424732,45.16898859,24.98105166,83.18396939,4.239250831,5.064948142,3.091330178,4.42050146,6.376740777,6.889811874,9.369655509,36.23259223,41.13119961,133343.079,171153.9852,96974.19558,178818.5583,219787.8557,119413.424,4.58917531,4.16498842,3.834306716,812.1327781,875,8948,21792,133,0,54431,30
53,25875,12841,13034,18.76425212,20.53954471,34.42815997,26.2680432,34.34202899,2.338164251,32.75362319,27.09565217,3.470531401,22.00080112,33.68215502,25.55077108,13.59403164,5.172241138,55732.50204,59207.70203,35097.67427,73641.30374,79266.7689,49894.18674,13.95116135,6.371180676,17.70894686,443.3205091,423.8023738,0,232881,640,0,27737,292
54,4534,2249,2285,23.14367894,10.03718374,52.36059847,14.45853886,72.3423026,9.814733127,5.491839435,6.175562417,6.175562417,9.43287037,8.738425926,16.63773148,30.06365741,35.12731481,98585.60575,117601.6055,76707.20972,124442.0842,149664.5249,83391.79156,6.883458315,7.582576092,3.697617997,543.1689138,537.2807018,12445,59980,115,0,22316,17
55,45431,20220,25211,15.45403875,17.75759571,27.20237743,39.58598811,60.29803438,21.18157205,7.241751227,8.672492351,2.606149986,18.86512181,25.10668179,24.218117,19.3620699,12.44800951,36503.28284,50460.93265,16532.29765,54475.12008,68942.76736,30628.33131,26.5660166,14.94197134,7.820006163,299.5677711,295.3808131,0,510243,676,1995634,58027,3270
56,54453,28556,25897,21.80967876,21.67873571,34.80244531,21.70914022,44.07287018,18.36813399,15.08089545,20.38455182,2.093548565,30.21194414,31.7445776,22.94493414,11.15925522,3.939288898,45521.57559,47581.00734,27706.66554,55319.01185,57005.9589,37481.58446,21.43344903,5.814967036,22.3418269,417.827653,408.6487849,0,498694,716,0,62781,206
57,4173,2177,1996,25.5489022,27.34530938,35.72854291,11.37724551,50.03594536,7.500599089,7.18907261,33.50107836,1.773304577,35.73635427,35.1184346,18.26295915,8.85684861,2.025403364,51615,46684,43646,62628,55423,45240,12,7,29,371.8814045,345.6597898,0,32587,71,729832,4730,68
58,8099,3805,4294,13.02130749,15.06456438,33.19557689,38.71855125,84.09680207,0.876651438,3.469564144,7.852821336,3.704161008,14.66301054,32.77529225,27.81065089,16.39486217,8.356184154,77911.42857,89529.35878,44354.89085,93555.68831,108615.1565,54935.72547,9.8527596,6.886294604,4.132534881,353.4791663,337.9062273,0,41102,181,0,4225,31
59,0,0,0,,,,,,,,,,,,,,,,,,,,,,,,,,0,18294,7,0,2961,70
60,21745,9555,12190,24.33087998,23.78587828,31.30388827,20.57935346,9.947114279,33.73189239,1.103702,52.78914693,2.428144401,35.2690226,27.33524355,24.53358803,10.76090417,2.101241643,22456.75256,28581.12214,11403.93837,38334.88491,42301.24144,25706.58166,41.36227639,15.76470453,11.72386296,190.3873403,176.9713262,0,339001,483,1979348,29070,151
61,107134,48201,58933,16.83228244,26.00869484,36.0197844,21.13923833,17.05620998,69.76310042,3.138126085,6.958575242,3.083988276,18.27850839,27.18095171,24.17351244,20.01903889,10.34798858,42335.49872,45908.20023,37510.66315,58756.52706,63226.05043,50856.9803,27.76582691,9.551469188,12.69684227,436.4849999,414.0555058,3131,1067817,3553,4817626,413210,1317
62,41962,19724,22238,20.26970461,25.25525509,32.32777099,22.14726931,30.53238644,63.45026453,1.317859015,3.090891759,1.608598256,14.09518417,26.14576452,31.0465226,17.88871064,10.82381806,46339.46724,51404.28798,34348.69425,60471.83468,67568.59837,46249.55557,20.12671226,12.27171965,12.07155045,456.508968,439.516129,0,190936,1177,378248,100563,272
63,48899,23499,25400,20.73713934,25.60062723,35.38985818,18.27237525,36.32589624,31.39328003,8.07378474,21.58939856,2.617640443,25.70957096,40.3080308,22.16171617,8.666116612,3.154565457,45590.19655,48840.24735,19031.02819,57212.75987,60489.43771,35204.13901,25.62699237,7.930440295,12.25473732,264.5082376,263.4259259,0,222322,1630,795578,53961,136
64,25775,11928,13847,15.81292772,16.10926368,32.63945513,35.43835347,54.15324927,2.052376334,37.46265761,2.805043647,3.526673133,7.438333813,19.46923889,25.94298877,27.42585661,19.72358192,86054.36679,97520.01904,48276.49646,103424.1728,120175.8354,62836.15221,7.569807953,5.328337536,6.835115422,555.0418856,533.7171053,0,217355,433,0,14298,178
65,10079,5059,5020,12.47723698,26.57858434,45.4629514,15.48122728,47.96110725,19.38684393,18.34507392,10.55660284,3.750372061,8.316946212,15.06072874,17.61711972,34.60960093,24.3956044,100058.7503,105120.2493,94937.55379,128687.0117,147176.7079,108872.9029,24.81246155,7.256116678,8.275801171,,,31386,283167,218,3863406,187735,178
66,9017,4358,4659,22.48025446,17.14102324,46.15706298,14.22165932,43.72851281,29.35566153,11.41177775,9.526450039,5.977597871,18.56759976,16.64681358,15.94699226,25.84871948,22.98987493,122332.5936,138310.6923,107209.9113,157457.8223,179587.3272,120209.8882,30.60459133,18.17398248,7.655905512,,,31734,314491,178,0,140785,210
67,45877,22293,23584,18.14655219,18.66149383,36.12375298,27.068201,52.09800118,1.02883798,40.37317174,5.338186891,1.16180221,26.79534091,27.35119131,19.73967208,17.1922572,8.921538505,58380.09425,65842.93555,35313.73469,76957.15872,84704.1712,49755.07304,17.54447762,8.350271378,9.809974497,561.0593184,574.6260684,0,226187,858,0,35346,122
68,31391,15991,15400,10.07773158,21.21477213,40.67822009,28.0292762,67.75508904,11.03182441,12.92727215,5.167086107,3.118728298,8.090347601,13.57368572,16.23455903,34.51594369,27.58546395,79227.40474,92655.88059,76289.00938,144463.2552,191889.2852,119377.7004,16.52983976,5.582342073,6.143627154,641.9666137,801.602016,156378,380019,517,14781600,740470,2409
69,64516,29696,34820,22.55260868,24.3246435,32.22400762,20.8987402,8.824167648,39.08332817,2.503255007,46.41639283,3.172856346,34.33254672,25.61813041,25.47568935,10.63205562,3.941577907,28474.28499,32082.82608,18870.60557,42893.93679,46789.66976,33287.33886,35.90456166,13.24312109,13.8491351,181.9759167,156.9756088,0,506139,1657,924904,86857,939
70,21760,10950,10810,17.68871105,23.04298072,35.71200306,23.55630517,20.68014706,23.69485294,7.927389706,44.23713235,3.460477941,23.46011838,37.44945203,24.40368048,10.70737854,3.979370568,49096.7218,58225.36342,30161.78928,64815.35834,71103.15266,40791.08097,19.66465074,8.197752757,20.81877757,384.6822397,388.8609434,0,202728,614,0,56491,273
71,53543,22995,30548,17.59672836,20.77623725,32.82329983,28.80373456,2.269204191,91.54511327,1.67528902,3.059223428,1.451170088,12.55994846,34.48020806,30.25697311,15.27045406,7.432416311,53946.06222,64990.33141,31688.798,65064.67017,73938.19676,38024.02928,13.41834413,8.127150141,10.95716714,301.3916766,297.9876161,0,568355,1257,1159939,96693,98
72,55951,24412,31539,17.30624927,21.14685123,34.94444763,26.60245187,3.68894211,91.11007846,1.086665118,2.941859842,1.172454469,15.92984688,35.8239811,28.69053569,13.50356672,6.052069608,46374.61567,55212.79242,26836.10778,59398.21815,68970.09277,37261.84516,18.84302157,9.697540705,12.58871155,274.9410773,263.1578947,0,818106,1475,0,116176,262
73,26436,13330,13106,13.1522191,20.65255667,36.53437942,29.66084482,22.37857467,2.220456953,62.5094568,10.43274323,2.458768346,23.56708005,26.43968433,25.41149944,17.51071026,7.07102593,51453.62329,52684.14144,32553.86462,68974.6862,71639.0756,50284.71444,15.57218944,6.095623392,24.12946361,531.8685916,527.5749653,0,422535,529,0,20047,74
74,61031,27989,33042,19.76095271,24.29906544,34.60520609,21.33477577,20.44862447,41.27246809,5.797053956,28.8328882,3.64896528,27.02539819,26.87042617,22.01894102,15.33146793,8.753766681,29016.46029,32796.13796,20368.35011,46220.88943,47876.53697,42001.83826,38.00717013,9.583142993,11.47390343,479.2483791,471.2643678,0,530597,1323,4182661.5,347320,1561
75,59777,27387,32390,14.86911783,26.52819891,33.85629646,24.7463868,40.28305201,26.97693093,9.828194791,20.20342272,2.708399552,20.68965517,21.65607715,20.51282051,22.84662678,14.29482039,40354.60419,48984.03499,32534.04521,74689.20007,88568.71332,58558.3939,27.52331164,11.70730047,10.50470582,472.9762106,487.9020213,28891,387288,981,1317104,354210,634
76,94448,42718,51730,23.07385857,23.47479822,32.81582748,20.63551574,13.1935033,70.52875656,2.865068609,11.06323056,2.349440962,20.48430467,41.03144911,25.03507336,9.954989186,3.494183668,36608.20437,42565.40116,22353.70204,49681.55638,56525.78942,31414.87331,30.89772891,11.49194266,8.45211545,258.385216,253.9011769,0,875791,2391,1379170,177587,1029
77,29447,13065,16382,23.97511772,24.90121145,32.97302836,18.15064246,10.29986077,77.57326723,0.672394471,9.746323904,1.708153632,27.09390256,35.61788073,27.24705657,7.442327941,2.598832201,31488.31719,42610.17001,14396.68667,43976.46463,51848.44711,23317.04857,36.00038034,15.82811831,11.21996129,239.3105806,226.8937617,0,172835,868,294178,50322,151
78,44510,20577,23933,23.90453132,25.97704749,31.37631896,18.74210223,12.87575826,31.61761402,0.804313637,51.24017075,3.462143339,39.05429072,25.15204585,25.11383538,8.282120681,2.397707371,22373.73449,23979.99789,15177.50104,34079.47249,36090.74762,25781.66736,44.86802966,21.82394518,11.16379241,197.5479537,181.3795372,0,426542,1160,879795.5,52279,516
79,43022,21841,21181,4.273796432,38.9327411,38.04434256,18.74911991,74.21319325,5.520431407,14.00678723,3.753893357,2.505694761,5.764472427,11.54609373,20.56395306,40.60854014,21.51694064,75658.49454,103463.7956,70276.95629,105619.5748,146103.9964,92672.82248,15.95853284,5.484593929,8.374180652,676.3504702,616.9125021,152627,275171,1163,4673527,922930,742
80,35985,17422,18563,10.92598346,27.47436832,39.35259963,22.24704859,57.07378074,13.59733222,15.38974573,11.41864666,2.520494651,19.25551323,20.10690395,19.62359569,30.83890792,10.17507922,57233.44275,60770.85907,55950.24103,76887.83438,79355.07944,72711.04133,19.89326108,8.607000139,11.17489787,654.3806425,671.4480874,30559,600381,846,1456232,254180,387
81,35172,15564,19608,18.30667392,24.97159534,32.10728025,24.61445049,8.569316502,69.70032981,3.107585579,15.55783009,3.064938019,18.47717612,26.28719276,33.30992423,15.09148032,6.834226575,53306.71329,63816.40171,28396.0125,64342.9516,72610.09259,36395.90353,17.34112362,10.06555499,9.836702491,255.340775,241.0761299,0,361330,689,408385,41269,115
82,83663,42573,41090,16.92072008,19.88340291,38.88889228,24.30698474,31.21451538,2.421620071,46.65144688,17.05771966,2.654698015,27.05371483,28.41740527,20.78103623,17.45137113,6.296472548,45193.0963,50170.57779,32596.51048,59604.23814,62973.10774,43804.16715,20.83291778,6.136055365,21.20998291,435.881542,423.9766082,0,766462,1061,8362690,197157,979
83,26460,13045,13415,14.84296882,19.99273388,40.97177491,24.19252239,32.0521542,0.827664399,57.66439909,8.034769463,1.42101285,21.51066569,27.5974623,21.76811328,20.47627804,8.647480691,55475.23776,58150.85009,40215.47634,70987.0907,75378.47866,52163.49536,13.40147392,5.251919879,20.65179516,456.2549117,462.2093023,0,252193,498,0,53437,281
84,28698,14069,14629,16.08772171,19.27986955,33.00253254,31.62987621,94.72088647,0.505261691,3.216252004,1.014007945,0.543591888,7.228492381,31.4083703,28.85687936,20.97404594,11.53221202,94224.72617,102239.2177,45126.75364,111602.9166,121573.1583,65602.74844,5.509380445,4.740797268,2.124639348,340.0809753,324.2779356,0,82510,694,0,6454,183
85,29149,12791,16358,20.71829049,21.9252774,34.02259685,23.33383526,4.898967375,85.55010463,1.684448866,5.63998765,2.226491475,15.53557574,37.20505682,27.34243074,14.0020994,5.914837296,43325.64588,49129.97482,31477.9678,57399.36686,62210.3903,41681.67401,20.06465402,9.992085492,13.4181104,308.8049067,279.1262136,0,280936,1330,191812,63852,491
86,54264,24786,29478,26.07015976,20.20296418,29.33609774,24.39077832,41.39392599,44.08079021,3.541943093,8.803258145,2.180082559,26.62320662,24.07320138,26.48706671,14.43868468,8.377840612,44094.07484,53220.80921,16136.92789,59238.29907,69569.99117,32758.40227,20.98732862,8.400189813,9.983849329,235.3726367,206.5321806,0,226962,891,455868.5,12979,372
87,16755,8205,8550,9.080066056,46.40947439,38.17407508,6.336384473,70.74903014,2.411220531,22.49477768,2.244106237,2.100865413,2.471114673,4.187537568,11.76117011,52.29412943,29.28604822,130586.6266,154949.2958,112709.0344,179846.4308,252234.2406,141413.454,10.28170695,4.076341391,6.558048344,,,61350,242229,390,10374868,370420,210
88,1733,996,737,12.01201201,23.92392392,54.95495495,9.109109109,74.55279862,2.94287363,12.75245239,5.597230237,4.154645124,0.999333777,3.730846103,12.12524983,42.23850766,40.90606262,158125,201000,125938,233086,286070,174013,4.3,2.1,3.9,,,15461,163083,131,9338919,155982,133
89,108653,50284,58369,20.59451879,22.23435116,35.43124026,21.73988979,26.84601438,47.21452698,10.33381499,12.550965,3.054678656,18.92256301,27.04646219,22.88612208,19.79107197,11.35378075,49373.52116,54669.42764,35468.75245,65361.91616,72495.32935,48217.82949,19.7330833,8.515849539,13.12400762,403.1746861,389.8177273,0,934458,2711,4360502,187329,132
90,21580,11490,10090,7.954836809,22.67484833,46.33712083,23.03319403,79.29564411,2.622798888,12.36793327,2.576459685,3.137164041,4.212463575,5.531414549,11.71208016,44.53760033,34.00644139,118617.6401,189193.2254,101807.109,204107.8782,317516.6422,153634.0019,10.63772011,4.511427247,4.027914736,,,55207,171031,538,4886980,502940,195
91,72540,33447,39093,18.59528447,21.81743579,32.5492496,27.03803014,18.07003033,72.71022884,4.168734491,3.551144196,1.499862145,12.16129263,28.34417674,31.03059984,18.34381926,10.12011153,70111.0029,78429.43328,40267.67246,84670.1793,93169.71528,50756.8793,11.0449228,9.911184174,8.096106975,361.623716,358.2302109,0,543622,1650,0,110254,214
92,70697,32894,37803,13.67805345,17.94017671,37.42137484,30.960395,13.40085152,4.59566884,71.07798068,8.491166528,2.434332433,25.92461481,28.0452446,24.42601396,14.58649405,7.017632582,36807.61836,39829.7811,26009.64504,52996.17135,55369.7859,43545.8915,25.89969306,5.869928003,23.39081008,511.3115739,500.5411255,0,2255069,811,8357703,106983,937
93,0,0,0,,,,,,,,,,,,,,,,,,,,,,,,,,0,472790,100,1944504,30846,2157
94,28434,13771,14663,25.6970496,27.7941941,32.9211734,13.5875829,8.043187733,27.93134979,0.422029964,60.00914398,3.594288528,35.85200888,27.95275591,26.61013527,7.126993741,2.458106198,23854.50873,25263.82664,15065.94235,37885.36719,38396.58194,29794.31633,45.14434128,14.50368573,17.66551664,188.1309555,177.5008266,0,255238,841,593175,26850,141
95,86531,40320,46211,16.12015292,13.58412501,39.07705829,31.21866377,63.78523304,3.028972276,25.71217252,4.233164993,3.240457177,7.314248591,17.02515288,20.55164037,30.46308981,24.64586835,71166.42277,97653.50068,48163.59751,93862.27533,120428.782,62665.06942,11.16835816,5.826981082,6.355042701,604.5391927,603.3134983,0,517981,1249,4259416,177457,1147
96,275,144,131,29.36590682,5.061120697,35.30433203,30.26864045,74.54545455,17.09090909,4.363636364,0,4,21.64948454,31.44329897,30.41237113,8.24742268,8.24742268,39583.33333,83071.19718,15535.71429,78851.66667,84029.90141,33957.42857,20.70254545,0,5.066181818,,,0,86051,63,0,5520,154
97,30288,13630,16658,15.26694788,22.54711607,38.89778211,23.28815394,33.97054939,40.4582673,9.85868991,10.94492868,4.767564712,17.89804807,18.22068075,20.28552992,22.9674141,20.62832715,65450.67136,76213.9161,59281.61764,93799.18537,107330.9439,76653.74117,22.94170298,11.2157356,8.22536318,628.1877012,703.9835165,54137,285822,511,6355066,237610,211
98,18747,8938,9809,15.19236332,20.24315532,34.51064662,30.05383474,38.53416547,3.40321118,48.82381181,5.87293967,3.365871873,10.28347996,19.95438254,26.37341153,26.15184099,17.23688498,74183.08171,84539.9392,46603.83518,86629.10726,97001.29911,59890.83819,13.05490478,8.550546754,11.14712221,551.2556498,545.4150715,0,204636,374,0,22243,209
99,41,4,37,9.79020979,58.54145854,31.66833167,0,100,0,0,0,0,0,75.67567568,0,10.81081081,13.51351351,0,0,,0,0,,0,0,0,,,0,16253,34,0,1614,7
100,267,151,116,0,40.08089888,31.85168539,28.06741573,42.69662921,14.98127341,41.19850187,0,1.123595506,7.116104869,5.617977528,11.98501873,41.57303371,33.70786517,41818.20438,199750,95986.94118,166143.7883,317411,143264.1765,18.73033708,0.880898876,11.98539326,,,61571,326429,252,0,536900,2676
101,23344,10516,12828,12.32930203,16.3602348,30.37218074,40.93828244,52.11617546,5.033413297,37.04163811,2.390335846,3.418437286,8.931515061,26.46985364,24.29192267,23.5975823,16.70912633,86516.15604,106924.7261,59037.08841,99771.11728,120122.2853,66553.59119,6.329639308,5.77050634,5.267383482,451.4974438,456.8072841,0,138980,305,0,13624,76
102,34029,16895,17134,16.29131413,20.45662513,36.65672441,26.59533633,85.4741544,2.192247789,4.049487202,6.033089424,2.251021188,13.71065934,34.15858023,29.00785891,15.89491938,7.227982142,70702.96184,81477.78224,34744.18681,81562.98993,90928.45911,50670.62975,9.147515355,6.327626436,8.363143201,381.6354339,377.6614587,0,149070,1068,0,47004,509
103,,,,,,,,,,,,,,,,,,,,,,,,,,,,,0,12123,0,0,0,122
104,0,0,0,,,,,,,,,,,,,,,,,,,,,,,,,,0,3564,1,0,1,9
105,0,0,0,,,,,,,,,,,,,,,,,,,,,,,,,,9047,1737,0,0,24,97
106,6251,3187,3064,11.62505586,28.78904542,45.1733182,14.41258052,68.61302192,4.895216765,6.63893777,13.54983203,6.302991521,13.22160149,11.7877095,13.4264432,37.87709497,23.68715084,83418.81124,82442.40016,78915.26982,106446.9449,118252.517,90027.40542,10.45431131,6.329899216,11.74716045,673.4271482,681.3583815,13815,74838,407,3403640.5,65125,85
107,27886,12510,15376,5.371728445,35.82389215,38.77644222,20.02793719,75.71182672,4.288890483,14.63816969,2.370365058,2.990748046,2.092241906,6.513439218,19.83048259,42.88332315,28.68051313,116205.3477,177806.7357,97453.4826,172589.987,276123.6581,132729.9662,8.296474934,5.967908628,4.280312702,799.0964388,890.4788466,57224,307587,547,6985772,656920,210
108,30288,13919,16369,17.47806646,20.58481413,31.71396252,30.22315689,55.83399366,9.033280507,24.89764923,7.435287903,2.799788695,20.88110537,27.01272521,23.14056528,18.18907228,10.77653186,40689.75745,52710.34957,22461.39011,60829.32088,71022.50098,35066.81337,21.50740557,10.99911516,10.07927232,514.6937636,517.2413793,0,177802,451,273950,27232,80
109,43602,21261,22341,16.29725495,19.12563246,34.60261945,29.97449315,92.07834503,0.254575478,5.584606211,1.075638732,1.006834549,7.136069114,33.137509,28.57883369,19.81281497,11.33477322,90421.98305,102036.6963,40164.47756,101281.1873,112484.2041,56757.95221,7.251965506,7.583026008,4.582626944,334.8549376,323.8932292,0,178796,740,0,9580,204
110,0,0,0,,,,,,,,,,,,,,,,,,,,,,,,,,0,1076,1,0,91,10
111,0,0,0,,,,,,,,,,,,,,,,,,,,,,,,,,0,7016,23,0,2450,15
112,33351,15989,17362,8.605892633,25.63663181,45.16222862,20.59524694,82.90605979,2.293784294,5.846901142,5.097298432,3.855956343,8.669556519,16.61887296,19.84994998,35.74858286,19.11303768,74577.48201,82223.42463,66604.28638,89569.66394,98152.87585,82514.81991,12.28451321,5.550307337,13.04652334,610.4209755,621.2121212,46658,234273,942,1740495.5,281820,380
113,19484,9103,10381,8.11260534,26.81227104,34.83555068,30.23957295,84.59761856,2.119687949,10.22377335,0.651816875,2.407103264,1.503759398,5.998077902,17.75114478,37.57137204,37.17564588,120362.1902,224294.8874,89700.02371,217141.9247,361648.1581,149175.1776,3.847166906,4.192645247,2.699399507,,,104511,146110,261,2503258,450820,236
114,13379,6786,6593,7.283602813,34.80796589,38.12132713,19.78710417,79.3631811,3.587712086,10.03811944,2.10030645,4.910680918,2.646626368,6.412350923,12.66949845,39.26645973,39.00506453,119998.2454,165324.9553,89940.67972,162236.2496,224953.5132,125303.101,9.098833994,2.414403169,4.137902683,,,51807,148241,256,2579754,424130,395
115,21636,10048,11588,20.08093879,24.08487133,32.7837522,23.05043767,47.63357367,31.88204844,9.752264744,7.191717508,3.540395637,14.55754101,25.93157285,30.54827103,17.20436665,11.75824846,57422.3046,72055.77025,31720.79956,74425.29619,88647.01571,45777.8062,22.16109262,8.478914772,9.268307451,291.1096068,266.7634682,0,445917,390,0,8045,67
116,52508,26649,25859,14.28856273,26.17752968,39.46397149,20.06993611,28.88893121,36.30684848,3.593738097,14.96533862,16.2451436,24.35322923,20.89531553,22.05257322,20.0753026,12.62357941,44904.43504,49942.44013,35663.76773,62702.60892,72504.60342,51176.44963,25.40926906,9.584956578,15.11756685,521.0102991,484.496124,0,219422,1599,2471374,164460,767
117,39003,18117,20886,24.11959778,20.61624111,33.54347791,21.72068319,30.06435402,50.99351332,5.566238494,9.806937928,3.568956234,23.56974424,27.54217305,29.91111917,12.9657174,6.011246145,42670.15405,49102.11214,28539.98108,56077.21936,60180.19598,42323.18739,25.6591493,13.6235546,8.569548496,236.9542687,229.4267727,0,380079,853,302084,16649,1203
118,32276,15561,16715,16.31399206,17.51080335,33.48061948,32.69458512,79.15788821,2.506506382,15.51927129,1.291981658,1.52435246,10.08400108,29.38489529,25.92420547,19.6492858,14.95761236,85879.96139,110669.6401,34657.43295,117984.2798,140285.2925,52322.4056,8.439202503,5.011519395,6.806425827,348.0696195,317.99591,0,215406,583,0,17429,903
119,39144,17311,21833,25.490546,23.44428083,34.23653178,16.82864138,11.5905375,35.94676068,0.306560392,48.91937462,3.23676681,33.60383622,26.29288086,28.59092586,9.273330874,2.23902619,27284.89949,30114.33547,17652.91259,39092.45945,42378.98925,28545.26335,40.25650674,12.4073319,13.0652335,205.31027,185.1851852,0,455886,1602,0,54513,243
120,0,0,0,,,,,,,,,,,,,,,,,,,,,,,,,,0,101275,48,0,10184,80
121,36416,16753,19663,18.05656558,24.95530164,31.58491902,25.40321375,41.78932337,11.75856766,31.87884446,11.03910369,3.534160808,13.60496998,25.80779509,33.1482317,17.60316524,9.83583799,54360.76615,67146.30438,25361.92714,74857.68207,86520.08118,40297.55707,18.64460677,12.85937225,7.593044266,512.019444,512.8205128,0,428431,623,0,35849,367
122,21214,10076,11138,16.68324538,23.61016796,33.87549609,25.83109056,5.628358631,59.64928821,19.5672669,10.27623268,4.878853587,15.76395459,31.52199622,30.17975402,16.37298959,6.161305582,63648.92289,71080.70811,29181.05988,78911.46849,87328.59733,44361.90709,11.45986141,12.2717875,11.35223909,265.2911732,265.3377286,0,251876,433,0,16328,44
123,44516,21822,22694,24.10634755,19.79385296,31.10261261,24.99718687,82.90951568,1.350076377,8.724952826,4.872405427,2.14304969,15.453125,26.3,22.275,22.959375,13.0125,52683.02921,67190.93946,29381.81714,75660.87101,89601.46351,44249.68413,19.22364094,8.266715338,8.521185641,569.3215787,543.1034483,0,233449,598,856196,49373,19
124,28247,13364,14883,16.48333359,14.40125186,33.44514944,35.67026511,79.44914504,1.812581867,4.142032782,10.10018763,4.496052678,14.69125479,30.047093,29.15364641,17.73249417,8.375511641,70453.38618,82933.24977,38606.31873,92837.97929,105725.9502,50211.56184,10.64583142,7.592069954,6.443930329,361.5111732,334.2490842,0,165496,691,0,20873,281
125,2663,1260,1403,15.5,14.9,43.3,26.3,85.01689824,2.591062711,6.609087495,3.830266617,1.952684942,4.08988764,8.674157303,13.97752809,39.3258427,33.93258427,145000,204957,103817,253676,418940,151316,6.1,5.2,6.2,,,51427,141437,146,4898096,211800,204
126,26531,12876,13655,23.49198094,26.43050455,33.73320789,16.34430661,13.65949267,29.95363914,0.727450906,52.9757642,2.683653085,38.95308955,26.39966229,25.80866445,7.012822542,1.825761174,23998.8791,28824.49125,10668.38208,33440.68088,37194.83112,20436.44409,40.49798349,10.55568957,16.05432513,169.4750417,162.8728414,0,411354,725,1013838,41233,564
127,43210,20806,22404,16.88859181,22.2376811,37.49180138,23.38192572,39.15065957,9.271002083,1.964822958,43.97824578,5.635269614,26.48878353,21.57724329,24.29752544,15.79845051,11.83799722,46745.0589,47545.01742,40340.82429,60661.96776,61713.60014,54630.6559,25.32031937,12.43961814,13.00779681,284.1957752,246.8415472,0,511083,1323,1106146,88632,1569
128,18,9,9,0,0,50,50,0,100,0,0,0,100,0,0,0,0,,,,,,,0,0,0,,,0,11378,25,0,9351,64
129,104125,52176,51949,15.85408532,20.3359151,38.39616041,25.41383917,50.79759904,2.754381753,24.20744298,19.53229292,2.708283313,22.6127376,29.41671706,23.00522927,16.61864276,8.346673307,52982.83469,54876.41408,44496.40274,67111.99218,69060.84811,57589.30007,16.838788,6.537208163,17.99355102,450.6033109,443.4818482,0,1216623,1611,2213779.5,230490,822
130,55597,27271,28326,20.75553589,20.80371289,36.31278126,22.12796996,14.40005756,17.95420616,31.53587424,31.20671979,4.903142256,29.755496,27.39108782,23.06305879,14.27656698,5.513790405,43362.84303,45657.39385,25587.88648,55953.90171,59423.67224,37793.88063,22.22610213,11.75806249,17.09988129,310.2645453,312.7742832,0,1108689,1257,4292318,124853,932
131,26757,12363,14394,16.81313166,17.10042278,34.46417241,31.62227314,28.7625668,26.68834324,32.76899503,7.328923272,4.451171656,12.30171728,19.96163025,25.6609424,25.04328295,17.03242712,72243.55535,85055.59441,44892.81453,93423.92674,112479.5161,56645.70693,9.753059013,7.690182008,7.997271742,465.3092666,439.0822785,0,362357,640,0,29989,106
132,0,0,0,,,,,,,,,,,,,,,,,,,,,,,,,,0,587069,52,1501336,772370,2590
133,37676,18658,19018,24.05132107,21.24410828,33.66635393,21.03821671,55.10669922,7.240683724,22.56343561,10.10988428,4.979297165,17.67750936,21.84448197,23.37910272,22.47595271,14.62295323,53059.16433,57105.28367,49550.81179,70115.17476,76051.67868,55249.28717,24.86436989,6.42107177,10.7066833,466.4860869,471.4285714,0,319075,966,874472,45126,25
134,23719,11513,12206,17.53702606,18.08884112,38.3287712,26.04536162,58.32454994,6.884775918,19.11547704,12.06627598,3.608921118,10.64011532,17.12668838,26.09577705,27.88425605,18.25316321,63258.05602,78515.0567,51289.6449,82749.21588,98229.57692,59583.98901,12.12672541,5.814616974,8.34595472,404.3969343,391.7585884,0,255700,457,310686,52818,295
135,38404,18401,20003,20.44564506,22.03473956,29.8509267,27.66868868,60.28538694,7.540881158,23.93500677,3.864180814,4.374544318,10.56526905,22.96384315,27.75080631,22.62773723,16.09234425,63912.61959,75945.64661,34792.31217,81683.16698,92733.3411,52513.94355,11.82761691,5.505567128,6.854442246,504.3502288,510.2848101,0,196106,762,0,36310,78
136,31294,14904,16390,20.06755152,24.26755478,35.31661521,20.34827849,14.95494344,17.75420208,3.553396817,57.96957883,5.767878827,31.68835559,27.23508535,25.46898766,11.96552307,3.642048335,33131.76732,37284.76414,24306.71309,44582.89423,48716.20383,33214.17324,28.92605292,12.83832364,14.66710232,180.4346434,167.5818293,0,187843,866,566376,42786,546
137,24360,11526,12834,8.427055753,28.74272396,36.11169929,26.718521,71.58456486,5.956486043,17.79146141,1.769293924,2.89819376,8.106875798,9.155571767,15.83074959,37.57979208,29.32701076,83059.26659,131410.856,67734.22251,114361.2743,169835.435,89775.26702,15.95877258,3.050069787,5.127631363,,,54192,184987,304,0,436680,376
138,0,0,0,,,,,,,,,,,,,,,,,,,,,,,,,,0,351952,48,0,809570,1308
139,26924,12599,14325,16.30676174,20.08933959,35.29894872,28.30494995,2.529341851,91.67657109,0.846828109,2.722478086,2.224780865,10.11893613,27.0368983,36.6594868,16.59486795,9.589810826,79384.95845,89306.6169,45633.55124,96094.90964,105031.7099,55995.49586,5.789644926,7.489537216,8.333687416,291.3375634,288.8186056,0,161675,502,0,23740,143
140,28173,12160,16013,13.18100947,19.58014443,43.71850377,23.52034234,79.06861179,2.999325595,10.38228091,4.69243602,2.857345686,2.040901329,5.80199092,10.74180516,38.88541797,42.52988463,98899.00478,178628.0514,74589.29042,160854.6074,257451.1817,105992.8687,6.048021155,2.865328506,4.163230753,,,15330,193640,202,0,462810,286
141,42147,18840,23307,13.56883837,14.96802134,42.03455285,29.42858745,83.95852611,2.064203858,9.203502029,1.82219375,2.951574252,1.432640751,7.42012958,12.28775693,43.38136729,35.47810545,113826.8914,211770.2684,83259.10792,188627.2554,307510.6705,111685.3892,6.748755546,3.567964505,4.146916744,813.9195379,820.0795229,44670,251206,425,210308.5,573280,891
142,29681,14263,15418,12.34013057,16.14046326,40.92441793,30.59498825,83.54165965,2.526869041,10.86216772,0.670462585,2.398841009,1.397081652,7.412294319,12.6979199,32.72275691,45.76994722,147081.8194,248621.9903,108307.0507,239565.7019,390347.5833,146927.6551,5.090920117,5.223334793,2.419194097,,,43300,290092,547,9108672,675040,2687
143,30010,13120,16890,13.17533091,13.77714087,42.17278016,30.87474807,75.4715095,5.414861713,13.71542819,3.138953682,2.259246918,4.377235267,7.899238066,10.84590266,30.45016327,46.42746074,99467.09875,177779.8174,68218.51957,169699.2673,256635.6332,117392.8314,10.08679773,5.057467511,4.395674775,,,45371,135933,249,5961545,317770,469
144,13583,6780,6803,7.224611541,31.310757,36.76108109,24.70355037,47.36803357,1.45034234,45.62320548,1.958330266,3.600088346,17.20994029,9.93222527,14.48281426,38.80910118,19.56591899,77959.67853,70440.56786,85907.19847,131576.5546,137171.2215,127784.5666,15.31596113,5.046896856,10.18538614,,,63223,463628,382,3754536,442630,340
145,14534,7651,6883,12.99186231,20.96308936,52.09044109,13.95460723,65.37085455,3.58469795,23.27645521,2.5526352,5.215357094,3.726757641,7.4694757,12.95985955,40.5075413,35.33636581,120590.3097,156393.1001,89842.37591,144120.5603,181678.1234,113751.8542,7.74868584,4.424246594,8.238888124,497.9426936,390.625,19118,684452,529,4117184,216630,2544
146,6888,3597,3291,11.94988482,26.64259267,44.86284577,16.54467673,43.96051103,2.772938444,36.77409988,12.90650407,3.585946574,14.75382003,25.78947368,21.13752122,27.13073005,11.18845501,54713.72058,52105.35259,56638.14509,74362.10758,78125.74269,69010.07961,22.75500871,8.265418118,15.70945122,633.9274181,634.5785441,5267,200331,438,197623,86367,369
147,28961,14241,14720,24.83801736,24.35821137,32.50480133,18.29896995,9.723421153,27.06743552,1.73681848,59.15886882,2.313456027,38.65021628,26.33700354,25.05898545,7.441997641,2.51179709,26058.92334,31414.37612,11862.71241,36239.51869,39887.18074,21853.35292,39.43597597,10.66741135,14.81217154,188.0772023,176.2626263,0,285332,632,2543760.5,32192,113
148,22778,12242,10536,9.564398714,26.41800682,38.81232272,25.20527175,36.60110633,4.570199315,50.28097287,4.969707613,3.578013873,26.28978059,16.23344534,13.04605653,32.98082625,11.44989128,56618.10696,40938.71533,70916.88096,85286.49404,74132.66554,91926.48069,26.16769251,6.890482044,11.16857494,,,90705,387728,667,5123138,584030,687
149,40122,19655,20467,17.45557969,18.25292898,32.12401446,32.16747687,69.89930711,1.585165246,22.30447136,3.688749315,2.522306964,13.66942721,25.20074314,22.01719306,24.70321504,14.40942154,59419.92907,68850.90181,34180.75906,77976.41587,89232.4755,49811.65681,14.43097303,5.772797966,7.807868501,498.6070812,509.4795151,0,411748,708,2195396,47405,9
150,10615,5176,5439,14.19999116,13.64672273,33.03563093,39.11765518,87.94159209,6.208195949,3.843617522,0.829015544,1.177578898,9.095048378,20.99032442,20.55776892,27.46727376,21.88958452,64530.99406,92672.56828,36867.88747,97116.1637,124026.4201,57516.67967,13.35861517,8.00746114,8.508695243,523.7849914,522.9166667,0,101140,312,0,34590,22
151,35725,15754,19971,13.63783657,18.36736832,35.70518256,32.28961256,58.79076277,17.8306508,9.519944017,9.531140658,4.327501749,13.2328813,10.14900385,15.27875439,27.79172945,33.54763101,77434.2709,120244.9074,60108.54908,123362.639,172812.652,78946.37329,19.55517985,8.744218334,5.214351295,558.281966,648.2400971,23185,263777,360,788981,243630,406
152,23666,10763,12903,13.99450909,30.13488796,35.56804788,20.30255507,21.84568579,33.95166061,3.988844756,29.95436491,10.25944393,27.5699969,22.14071702,21.68095878,17.77559665,10.83273065,31027.96517,33639.1698,16576.21937,44965.81277,46306.69733,41217.62565,32.46625116,8.640323671,14.04600693,423.072753,391.6687053,0,115377,728,2226682,95721,266
153,9471,4400,5071,21.3,23.4,34.3,21,22.90148876,24.46415373,0.306197867,48.17865062,4.149509028,26.64154225,26.65603711,24.52529352,17.95912451,4.218002609,27675,32909,20955,42515,43519,38716,30.7,13,10.3,269.5262317,251.7936018,0,30140,238,197722.5,12943,215
154,16,8,8,0,25,25,50,100,0,0,0,0,0,25,50,25,0,0,0,,0,0,,0,0,0,,,0,86186,37,0,5035,27
155,47997,23176,24821,20.38207212,16.650081,32.27554381,30.69230307,73.10040211,14.04046086,7.483801071,3.696064337,1.679271621,9.275744587,28.17892076,26.44521376,22.0903396,14.00978129,79115.98058,96766.62299,42488.69193,101678.5804,116250.8389,59314.46991,6.572819135,6.977823614,5.250930266,456.4111796,449.3464052,0,232076,1036,0,63535,62
156,29956,14216,15740,20.65996568,25.2707692,33.54826031,20.52100482,44.66217118,32.71464815,10.16824676,9.467218587,2.987715316,17.20391326,29.80027952,30.22406564,15.41409314,7.357648438,57642.46036,64592.84665,28959.36802,68202.37281,73061.05705,45527.2371,22.13986514,5.791614368,9.536723862,242.8084759,233.5203705,0,400268,655,0,13780,853
157,29111,14198,14913,17.02585655,18.53054377,37.605506,26.83809368,72.88997286,1.635120745,12.83020164,10.1508021,2.493902648,14.39043547,33.11370975,27.50239986,17.45352998,7.53992495,62210.49373,75596.29223,37992.97346,79157.41548,93262.04306,51779.18057,11.3007042,6.713730205,14.41400845,443.6816766,443.6356654,0,288386,809,0,57408,287
158,10884,5645,5239,9.82838157,15.36036343,47.42294009,27.38831491,90.18743109,0.973906652,6.321205439,1.010657846,1.506798971,1.337310976,5.987038371,12.66330624,44.6558996,35.35644481,127658.5466,199983.8421,99403.85388,225729.8613,338238.8789,173520.9626,7.342502756,5.296141125,1.953472988,,,57786,141177,194,0,417800,510
159,43244,19941,23303,26.91877462,26.03470092,29.71454583,17.33197862,8.724909814,36.38423828,0.64055129,51.16085469,3.089445935,36.1414791,27.77119648,25.56100863,7.233034354,3.293281435,25221.09144,29313.67309,13910.16256,39830.41139,41747.47921,29932.62291,42.45973083,13.15191009,13.79374711,214.3607747,212.5398512,0,293092,805,1155272,62577,267
160,38033,17839,20194,15.75010399,14.93366458,35.8098272,33.50640423,82.31009912,1.154260774,9.744169537,4.630189572,2.161280993,12.40689989,30.83346768,25.94551024,19.98387877,10.83024343,73436.35042,92101.34875,33641.73116,85917.79161,103677.9641,48193.58261,8.18626193,6.711734546,8.301012279,486.5188361,492.2584888,0,103337,891,0,48803,198
161,1257,610,647,4.263820727,12.44714149,43.26245251,40.02658528,73.74701671,1.750198886,17.26332538,6.76213206,0.477326969,1.911886949,9.891936825,10.6400665,40.14962594,37.40648379,124400.8144,160095.6864,102051.6469,186211.2146,261736.2182,155006.049,10.92386635,5.45910899,2.218774861,,,45885,406464,527,7699908.5,1117220,6213
162,4683,2078,2605,6.687281972,24.17727881,45.37405625,23.76138297,78.41127482,2.498398463,15.50288277,2.583813795,1.003630152,2.332633543,3.872171682,7.81432237,55.67996268,30.30090973,108305.6906,229007.9972,97073.83319,173294.578,279634.0043,140386.852,7.723830878,2.187700192,3.547149263,,,42842,366887,243,16834780,874450,2280
163,7524,3415,4109,8.754980332,21.45753733,38.5249007,31.26258164,77.04678363,2.64486975,14.39393939,3.12333865,2.791068581,2.012727542,6.408169306,11.7359775,40.01775936,39.82536629,134509.1654,202048.5265,95413.70004,214789.269,317758.224,143258.3543,8.141786284,5.230728336,4.674880383,,,51146,359900,268,2281004,688940,2308
164,7920,3558,4362,4.3779891,38.43717455,38.38623978,18.79859658,64.5959596,2.97979798,27.58838384,1.603535354,3.232323232,1.438465637,6.246670218,18.74001066,40.06393181,33.51092168,112722.2146,225689.2807,92430.73563,182558.6928,297848.355,153761.8178,15.33478535,4.791098485,5.645391414,,,45944,479710,429,34049412,730480,4370
165,53377,25735,27642,22.99756898,21.41942512,28.44160015,27.14140575,77.55212919,5.45178635,11.28950672,4.10663769,1.599940049,13.56843378,22.68693572,24.27142012,23.92674332,15.54646706,49307.93229,65624.61922,21264.29912,77886.88196,94092.50089,44105.57737,23.78770257,9.19022238,8.620158495,482.2869378,492.0454545,0,278362,742,799520.5,59484,6
166,37008,16365,20643,9.639280426,46.56314962,23.78253798,20.01503197,55.74740597,15.09673584,17.13143104,8.733246866,3.291180285,6.221857125,11.14457831,30.84763296,24.79615431,26.98977729,62610.13346,106812.1262,39920.97202,105047.0135,152664.6016,65765.59876,23.05513943,5.404020752,5.816807177,,,0,216593,388,2659138,262140,849
167,39939,18955,20984,22.71741897,25.05600623,32.49751732,19.72905747,11.28971682,38.5212449,0.563359123,45.73474549,3.890933674,32.28259367,28.25245403,27.39527167,8.879441449,3.190239182,27638.67239,33967.64263,17712.84417,40973.58074,44274.68262,30782.09081,34.97575052,11.5710809,13.01249656,181.6467032,170.9401709,0,447283,1086,753693,53214,77
168,55080,26262,28818,25.95763394,25.69675403,32.49963233,15.8459797,14.16666667,29.63507625,0.659041394,52.80682643,2.732389252,40.49438676,27.32567333,24.21862647,6.424919623,1.536393823,22227.31266,25734.91837,13558.44307,33367.77381,36349.6814,22761.02277,45.33461874,13.22445715,15.50700073,253.7272291,235.7817749,0,743731,974,2059950,82724,648
169,52973,24875,28098,22.6295723,26.79614222,33.06815056,17.50613492,12.00989183,30.56273951,1.808468465,52.89675873,2.722141468,34.5783164,28.01473085,24.6846188,8.736646904,3.985687048,27753.6555,30165.2574,17474.63636,37551.97876,39081.91412,29297.05679,37.76244124,14.07873634,14.2605214,213.8188921,181.4632736,0,519779,1804,1192314,70236,165
170,23414,10586,12828,8.564744246,31.34084883,35.62910932,24.4652976,71.42735116,2.951225762,20.64149654,0.230631246,4.749295293,2.06491063,7.050799624,13.54186265,50.61147695,26.73095014,109236.7336,183517.4447,91925.54092,153080.3921,244866.2074,121251.6076,9.049115914,4.956641326,4.361014777,,,114937,288273,426,8589806,893440,1556
171,52659,24719,27940,14.12409797,17.68578114,36.69372615,31.49639474,30.18287472,2.050931465,56.53734404,7.932167341,3.296682428,21.20038281,26.77391423,26.42984095,16.59754819,8.998313813,54594.45295,62446.71491,34486.30072,72305.64934,80545.16671,48564.14598,16.93355742,6.017161359,20.53388784,520.1971719,510.3359173,0,520756,831,0,39349,233
172,21358,10367,10991,17.54562422,18.08188675,35.53697351,28.83551552,86.5998689,1.151793239,7.407060586,3.46474389,1.376533383,9.117524049,33.24371154,27.63936189,19.78251777,10.21688475,78053.2532,96860.15499,31837.51891,92357.37862,105564.1837,53597.17861,9.228865062,5.26366701,6.392335425,334.2582997,323.9503997,0,127795,453,0,7692,122
173,54677,29987,24690,24.11382597,25.40887772,37.85998348,12.61731283,38.96885345,6.157982333,8.017996598,44.13921759,2.715950034,44.66656646,32.04318854,16.23578336,5.22070244,1.833759206,46790.96781,43278.65392,28045.75062,60921.11808,56171.5525,42567.18054,22.64902427,6.491429669,37.00245441,371.2909511,363.5409678,0,729475,989,1238832.5,57203,154
174,42666,20525,22141,24.22786368,21.11154572,35.87687884,18.78371177,22.19800309,18.4995078,11.29705152,43.77959031,4.225847279,30.02740609,28.54102853,22.08286313,13.70304691,5.645655328,32009.18673,34473.94291,27106.9054,45403.04487,47785.24776,34917.84284,33.02040032,14.51493461,13.39426241,186.1964967,172.5941423,0,422967,1011,1917321,58701,754
175,28669,14015,14654,16.71647404,14.53951569,36.65358284,32.09042744,45.00331368,3.50552862,46.59039381,1.99169835,2.909065541,9.881197668,20.96357021,25.3737232,25.6805927,18.10091622,70631.58266,86456.50593,45549.37986,95781.19419,111601.4911,58643.10321,8.760528794,5.663061146,7.344616136,558.1180909,553.3581936,0,423110,362,0,15276,65
176,20618,9333,11285,15.16752812,18.51097981,30.25298976,36.06850231,92.97216025,2.890678048,2.172858667,1.183431953,0.780871084,8.275411394,34.37889859,27.81441217,17.32905602,12.20222183,74853.5698,101014.9555,28786.96259,94893.57055,116185.8713,40458.49362,7.16481715,6.510311378,3.9166505,346.6712087,337.6893939,0,100902,379,0,4736,109
177,34025,15457,18568,23.59988664,23.13174784,33.83041778,19.43794774,6.092578986,77.60176341,1.972079353,12.76414401,1.56943424,24.74147056,31.51209185,25.8977282,13.6552398,4.193469587,36843.28578,41040.34657,27695.96616,50287.9615,56654.51537,36733.1366,29.26201323,10.36193681,11.73836885,349.8731824,307.3770492,0,506479,1033,1241280,93401,256
178,21253,10518,10735,27.14769711,21.39355442,25.94333148,25.51541699,84.67980991,1.077494942,5.09104597,7.467181104,1.684468075,12.92659145,25.79050007,25.01044714,21.65343363,14.61902772,54549.19116,66472.73871,26039.79462,89511.9656,107612.3854,43213.72034,18.86483791,6.230786242,8.297802663,555.5130533,558.2423282,0,138105,276,127608,19541,9
179,28110,13917,14193,13.63109115,26.17309731,40.0847956,20.11101594,52.26965493,12.54002134,17.54180007,14.90928495,2.739238705,18.34705807,20.85591159,19.92149166,28.89021632,11.98532235,55254.91162,52931.10126,56399.34219,75983.61072,81456.04659,68920.10248,20.08403059,8.45527926,14.61543223,487.6769423,474.8568702,0,193585,671,0,104544,867
180,23415,11419,11996,19.27478544,22.09014548,35.80054432,22.83452476,43.91629297,6.559897502,23.76254538,20.35020286,5.411061286,20.73177503,30.71456332,27.59424796,13.96368886,6.995724835,69328.44248,73231.75072,39568.69051,82307.58412,86156.99427,50105.54526,15.58188768,10.18039718,9.959427717,344.0021223,346.2476548,0,134449,606,2082393.5,25291,448
181,67630,32361,35269,17.96809526,18.14529534,44.91885904,18.96775036,75.23732072,5.256542954,7.144758243,6.511903002,5.849475085,6.085635973,7.382028298,11.486036,36.68419883,38.3621009,118533.6346,153568.7655,84559.301,165786.9185,209391.8691,107229.8338,6.943394943,4.568642614,5.214472867,669.8759843,722.2222222,60178,258482,1618,868414,360040,393
182,30826,14527,16299,18.25870462,19.36059616,37.2939286,25.08677062,12.7846623,44.15752936,15.58749108,22.33828586,5.132031402,18.51200458,26.12785799,31.05648493,16.27878441,8.024868093,49601.11073,56669.36167,40196.05647,57578.4102,63737.34729,46410.62751,17.34108545,12.06005645,8.859624992,287.0738404,246.0641612,0,216296,254,0,35836,419
183,14039,6399,7640,15.18796508,18.92784426,36.88690067,28.99728999,51.54213263,7.101645416,6.147161479,31.24866443,3.96039604,18.37569638,28.07277159,29.96169916,16.0428273,7.547005571,53119.79852,71871.11685,35396.90261,65205.59909,81378.05931,44169.2847,15.39288411,6.980796353,8.257539711,268.36393,269.0033717,0,37091,272,488468,15861,212
184,124,78,46,25.03058399,28.16705299,27.42257421,19.37978881,20.96774194,49.19354839,2.419354839,11.29032258,16.12903226,21.17647059,30.58823529,38.82352941,0,9.411764706,25945.94595,25945.94595,,187140.9189,179467.4054,,6.470967742,23.79032258,0,,,0,131562,20,0,6815,287
185,29947,13810,16137,17.45090796,22.48247882,36.53865299,23.52796023,39.87711624,15.5174141,9.583597689,31.79283401,3.229037967,18.18718879,26.29335809,26.3650941,17.14912651,12.00523251,56518.23329,69173.74511,38452.02388,70923.91868,84811.98117,44629.73922,15.58491335,10.2875647,11.39786957,338.6631347,326.7973856,0,254835,615,1430495.5,45928,743
186,4521,2095,2426,6.40402451,40.42163406,38.63429964,14.54004179,69.8296837,4.379562044,23.29130723,0.243309002,2.256138023,1.8213143,13.11838543,24.71080482,31.38075314,28.96874231,152912.2216,167331.8087,140722.0717,216289.7341,265487.8464,192388.3043,14.9902234,7.905507631,5.373390843,,,51247,316985,194,5217390,769260,2693
187,19141,9770,9371,18.57933247,25.20505361,31.58430044,24.63131348,64.33310694,16.10156209,7.079044982,8.562771015,3.923514968,13.29630621,36.51632762,29.79791221,13.28961456,7.0998394,63238.18585,78340.4221,29811.70335,76263.49733,88373.68271,41151.25754,20.75288647,4.562426206,11.35433363,265.4603308,243.902439,0,439013,480,0,9016,95
188,69363,31044,38319,18.42249317,22.33719864,33.07589313,26.16441505,16.50880152,73.24798524,2.217320473,5.600968816,2.424923951,16.36336818,29.77672069,27.74489739,16.84458949,9.270424249,45619.32411,53724.34941,33738.53695,62975.21553,71738.84007,47778.37645,21.91762755,10.98014071,11.85538111,431.609811,394.0608191,0,566916,1969,1384260,189184,225
189,20493,9973,10520,14.34078246,18.30676444,46.43612813,20.91632497,55.25301322,27.58502903,7.324452252,3.196213341,6.641292149,7.613120856,12.01000349,14.67372339,32.81377225,32.88938002,87767.85157,109542.241,75167.16647,117342.7065,146970.9429,91271.47065,11.32849266,5.557492802,8.182052408,610.2995075,606.3829787,6525,125053,687,918979,116398,92
190,0,0,0,,,,,,,,,,,,,,,,,,,,,,,,,,13163,67078,66,367295,33251,281
191,54732,26092,28640,15.20580312,21.36738346,35.85133691,27.57547651,12.39311554,49.66381641,16.95717313,14.12701893,6.858875977,15.39659258,30.90150062,34.08778066,13.83053142,5.78359472,70794.39117,76402.7034,30879.60459,81962.48809,87442.28029,44911.69142,10.75021742,11.50551962,10.24938427,303.3126997,308.2191781,0,347505,1007,0,38990,334
192,21460,10667,10793,15.13125235,22.22146015,33.73295862,28.91432888,20.18173346,1.719478099,66.16029823,9.72972973,2.208760485,28.33936054,28.24177717,21.03782791,14.31605534,8.064979048,55535.40817,58950.08263,38309.07326,69946.98165,70322.97919,56495.83254,14.19229264,7.400666356,20.12058714,586.9340242,589.2255892,0,344988,475,0,24865,52
193,12039,5487,6552,18.0020147,23.55432534,33.42860533,25.01505464,28.80637927,33.94800233,10.18357006,21.02334081,6.038707534,29.91587802,32.17665615,24.00630915,10.64143007,3.259726604,22612.49239,25780.61122,12723.92417,36216.26424,42082.65305,25738.27104,39.31505108,20.53896503,10.27534679,476.0156972,434.5238095,1127,170784,246,618571.5,35566,233
194,1742,1540,202,0.300601202,12.6252505,52.40480962,34.66933868,36.33754305,54.76463835,2.927669346,4.592422503,1.377726751,51.23776626,29.07311457,13.75935521,4.087507196,1.842256765,,,,,,,89.7,46.2,12.6,,,0,76458,8,0,15682,1434
195,11102,4788,6314,20.21010927,22.67171842,35.18862144,21.92955086,30.8142677,37.07440101,3.79210953,22.62655377,5.692667988,32.82424812,26.29229323,18.73825188,14.34445489,7.80075188,35065.02341,37805.15532,31568.84113,49669.58235,57278.15012,38952.55767,37.22043776,22.24428932,10.91162854,541.9330413,552.6079513,14749,104792,373,0,72594,152
196,28106,13170,14936,13.1713027,16.47685135,34.76742999,35.58441596,56.01650893,3.910197111,32.26001566,5.038070163,2.775208141,10.78195552,21.3360341,20.95201924,29.38768621,17.54230493,57597.87675,74590.16434,42513.9956,74753.25228,90844.30354,52743.14953,13.61482957,5.732267132,10.80486373,519.7971921,521.4994487,0,361262,456,1645308,61770,305
197,68275,34282,33993,18.85450517,24.59267193,35.5549664,20.9978565,28.02636397,8.320761626,31.21201025,26.68180154,5.759062614,25.7133042,30.2307384,24.17504819,14.80428269,5.076626524,60880.10313,60509.60489,34015.5878,75505.84073,76299.38631,51104.30897,17.32110143,8.614715489,15.8413885,300.0559671,300.960334,0,535154,2121,317846,66552,302
198,72964,35907,37057,19.5423416,23.75601488,37.19964027,19.50200325,80.04495368,2.436818157,8.010799846,7.479030755,2.028397566,19.32717795,31.49205671,25.95577378,16.41315757,6.811833983,57192.64237,58779.99244,34420.4508,69489.1172,71704.40291,54570.83887,16.81026397,6.387676114,18.40084151,363.4589752,352.5641026,0,494746,1677,562946,144798,904
199,7503,6994,509,0,45.05494505,48.65134865,6.293706294,12.43502599,62.60162602,1.799280288,21.67133147,1.492736239,62.05085683,24.82034273,12.07849641,0.483692648,0.566611388,,,,,,,0,0,0,,,0,3971,1,0,6,14
200,27145,12758,14387,16.84317754,18.68639062,29.97170156,34.49873029,72.30429177,7.927795174,6.66421072,10.30760729,2.796095045,7.241630277,16.83042213,23.8036754,23.98562591,28.13864629,83727.5701,104857.0083,60263.84119,114399.7449,145395.6963,75685.06491,10.83652606,7.287021551,4.159845275,416.2413239,401.1206974,0,117722,382,0,35753,277
201,22001,11358,10643,17.13538049,14.56139713,33.13168603,35.17153635,80.8781419,8.895050225,2.963501659,6.372437616,0.890868597,11.57388635,21.34623183,30.01216475,21.83282164,15.23489544,81906.6817,102876.8882,50662.31024,101386.4446,125539.5571,65689.08355,7.086314258,6.847688741,6.758406436,375.999761,371.1426188,0,105573,747,257330.5,13197,190
202,11731,5408,6323,10.07138035,20.40519432,38.95557312,30.56785222,53.14124968,14.57676242,25.86309778,2.17372773,4.24516239,10.51861961,14.05732112,11.58120491,28.51433028,35.32852408,86806.75992,116938.9664,64763.24046,116563.9858,140583.2607,92557.45274,14.8546245,6.041820817,8.262731225,,,0,78411,25,374266,19750,306
203,27462,12398,15064,18.39182337,22.81212065,34.90565911,23.89039687,6.99512053,86.48678173,1.66411769,2.47614886,2.377831185,12.35690394,26.70655297,36.14735949,16.43190277,8.357280822,87691.69353,92928.17672,35309.14954,96901.67069,100974.2065,54551.97929,8.036068021,6.446544316,7.583577307,298.752626,292.6402388,0,249110,460,0,26684,138
204,21397,10470,10927,19.2249708,16.9575188,35.05111176,28.76639864,91.59227929,0.542132075,4.617469739,2.19189606,1.056222835,6.939587604,29.29579163,32.44302424,18.72663692,12.5949596,90627.49401,101329.5405,48724.44063,110150.3157,115741.78,72926.16206,11.43503295,4.049721924,3.236435014,318.731801,321.5214368,0,29391,382,0,3307,65
205,54626,25068,29558,19.01022727,21.48138394,33.13510774,26.37328105,2.269981328,89.53611833,1.532237396,3.725332259,2.936330685,12.20127583,31.3339046,35.59221175,13.60325621,7.269351614,71891.86231,79376.04277,37884.82607,83968.82439,89596.94978,52593.5341,9.551232014,11.16936807,9.684772819,282.3812177,277.7777778,0,376657,1219,0,54739,365
206,33175,15887,17288,23.07215563,20.14775642,34.05191865,22.7281693,41.06103994,39.61718161,5.80256217,7.918613414,5.600602864,15.94383,29.24071082,28.59036494,16.79300775,9.432086492,50630.83386,62851.88668,34345.86757,67064.12746,75648.85182,44879.29287,26.70530821,7.244313489,9.018417483,236.1713462,221.1283854,0,192711,917,704940,26510,303
207,0,0,0,,,,,,,,,,,,,,,,,,,,,,,,,,0,18443,6,0,1286,1
208,47580,23187,24393,17.32623644,20.77307341,33.57848681,28.32220334,55.02101723,12.22362337,3.587641866,25.5653636,3.60235393,16.14952875,30.22344594,31.00444774,14.10039182,8.522185746,68879.8713,83223.5712,36379.75892,83833.85375,98285.55122,47907.40027,13.46000631,8.689161412,8.265300546,307.8843262,302.6372818,0,336985,966,0,41425,872
209,6777,3070,3707,6.619859579,20.96288867,37.31193581,35.10531595,64.11391471,5.592445035,25.36520584,2.50848458,2.41994983,8.155186065,11.74980206,18.47980998,31.86064925,29.75455265,85426,95982,63614,133918,134197,133000,11.1,5,2.6,,,9531,66580,113,0,101008,114
210,55678,26343,29335,15.85898796,17.9767358,33.19988837,32.96438787,66.90613887,8.171988936,19.56966845,3.997988433,1.354215309,14.69365986,25.16944821,24.00720016,23.70719349,12.42249828,54367.8718,66852.67872,31426.95445,68661.45627,80809.84437,39934.01384,16.54839613,10.28019864,6.966708574,451.0488742,434.2431762,0,303388,1029,1441846,65364,28
211,6839,3540,3299,11.45777594,25.95068182,38.23991074,24.3516315,85.8458839,1.754642492,8.393039918,0.906565287,3.099868402,1.713134028,10.2955996,9.237487403,47.27914007,31.4746389,108266.0991,131572.2243,102507.2907,185715.6762,284479.736,140038.1964,8.031656675,4.299532095,4.799064191,,,28136,106749,228,824462,317020,1707
212,37866,18500,19366,23.1255623,24.4054181,32.76939078,19.69962882,15.31717108,28.07531823,6.594306238,44.18739767,5.825806792,37.17408046,24.80105614,27.28006161,7.954087059,2.790714731,30736.81108,31929.44886,15585.94341,43344.82073,46647.48684,29015.41841,35.06662441,14.22757091,16.70374214,210.1202981,202.617138,0,370883,957,1133582,32841,197
213,56675,25300,31375,19.92389358,23.53288137,31.5880385,24.95518656,35.14953683,40.67048963,1.981473313,18.97132775,3.227172475,26.07452521,29.50324275,30.10297775,10.43957321,3.879681071,38777.171,44399.71516,23759.32969,50455.02566,55142.47635,33737.78681,30.13547949,12.82362064,8.492554036,224.0194783,216.4432105,0,443799,859,0,64968,310
214,24927,11772,13155,15.72725203,20.42370027,34.75524888,29.09379881,80.05776868,5.062783327,8.877923537,4.176194488,1.825329963,14.14081146,33.39797136,27.48110581,15.3540175,9.626093874,66253.4274,82852.47556,32878.24264,78778.70471,90869.30213,46170.80605,13.68360011,5.920937136,6.570156858,355.2590548,344.8784157,0,71136,418,0,11098,305
215,41606,19779,21827,21.30051077,23.5293069,33.78649745,21.38368488,3.38172379,67.17060039,6.684132096,19.30731145,3.456232274,20.56534341,35.16462044,29.55677858,10.44712932,4.266128244,49766.8153,56355.11641,28035.79715,63738.18445,68742.76207,40550.30555,18.48528818,17.96149834,15.04115272,276.5856741,271.6258987,0,239099,1204,0,43142,378
216,85411,42136,43275,17.489696,23.09921385,36.26923131,23.14185884,15.08236644,23.13285174,26.2237885,28.65438878,6.906604536,24.46080774,31.99456327,26.40697813,13.58435894,3.553291911,63559.77403,66069.60567,38505.11882,79339.29681,81510.87088,47355.08987,14.24506094,10.95173104,13.13956282,335.8188129,334.5773916,0,920834,2432,449964,88665,381
217,33767,17336,16431,42.28651804,23.31069088,18.42226282,15.98052826,91.28735156,4.338555394,0.337607724,3.358308408,0.678176918,28.93299966,40.53577522,23.3136162,4.52166989,2.695939029,22937.8012,25456.06427,14614.38021,43747.92279,46244.54698,26134.18676,53.48219563,4.350889922,3.877969615,436.3747732,471.3114754,2918,123899,207,0,31241,8
218,27577,11179,16398,17.7538075,19.40693465,35.3903882,27.44886965,1.678935345,92.93976865,2.19748341,2.172099938,1.011712659,12.85051068,29.97678737,33.76044568,16.88022284,6.532033426,56011.27083,67327.24218,36122.27829,64767.18339,76167.65431,42266.66761,8.81615114,7.938626392,7.043590673,311.0330626,293.9298246,0,242226,400,0,27775,202
219,21900,9385,12515,20.17486306,24.10905842,32.76047229,22.95560623,4.538812785,88.70776256,1.246575342,3.347031963,2.159817352,14.3547024,28.57056622,34.93299529,14.60219727,7.539538814,75700.828,80281.59348,44105.02646,87089.37058,91119.48267,55800.31934,12.54548402,10.45992694,8.315794521,313.5524581,297.2312704,0,325639,548,0,28574,114
220,31508,14792,16716,17.36118177,16.82185088,34.46595825,31.3510091,56.51580551,11.5018408,5.319283991,21.29935255,5.363717151,12.58212618,18.57041083,21.66943719,25.1484208,22.029605,73906.85628,87846.48328,46325.66508,94680.81315,115834.1351,63992.24682,12.38521963,5.989758157,7.209013584,393.5730119,381.1316581,0,203200,446,464316,65982,555
221,26247,12912,13335,19.64010367,21.59042416,33.41378605,25.35568611,54.04046177,21.30910199,8.766716196,11.49083705,4.392882996,20.39196229,31.02952121,23.95931531,15.85214587,8.767055321,54213.10937,65311.8687,31435.27296,70987.21681,80337.7022,50033.62624,22.78456586,6.645852859,12.20042672,271.6040956,265.3174603,0,254817,729,25510.5,14184,254
222,12388,4869,7519,14.7936099,16.60624314,27.34045861,41.25968836,30.84436552,59.6383597,2.631578947,4.472069745,2.41362609,24.43243243,32.22604423,25.45454545,10.84029484,7.046683047,24285.74532,33615.85176,16780.44417,35485.97253,44828.91709,25763.38834,31.06587827,10.37475783,5.688755247,,,0,179168,135,0,21271,64
223,48179,23909,24270,12.57192039,23.65057173,40.69192731,23.08558057,76.02897528,2.029930053,12.65281554,6.654351481,2.633927645,13.26411516,20.24996353,21.0839858,30.87584496,14.52609055,63233.5967,74019.12509,54054.10523,86460.47061,99046.14435,68954.22021,10.40954565,6.380242429,10.79729758,529.1992163,542.0313382,0,410012,1041,2048170.5,180955,568
224,21462,8570,12892,8.799460417,29.71455792,29.53701795,31.94896371,79.71298108,3.392041748,11.4434815,2.478799739,2.972695928,1.252468558,4.391435402,15.20631951,43.05165783,36.0981187,97487.83111,124610.411,84232.88696,115504.3712,145709.7609,96761.0553,10.67794707,2.650535831,4.865087131,,,46112,57239,49,0,145879,32
225,67371,31122,36249,18.44011802,26.01879297,33.78834375,21.75274526,15.35675587,70.66541984,3.418384765,7.362218165,3.197221356,20.07814445,28.7449005,25.71105706,17.44843041,8.017467583,42619.48619,49237.56055,30279.31486,60491.07051,68038.74182,47290.47792,28.66935625,13.46861261,10.48189726,497.1763783,488.5057471,12384,373243,1761,410674.5,250650,712
226,52392,26238,26154,14.36182124,19.75389697,44.28935786,21.59492394,61.76515499,2.509925179,23.67727897,9.136891128,2.910749733,19.42289151,24.26426702,21.86079611,24.67058445,9.781460906,58764.49173,60993.93229,53172.88405,72941.75991,77999.11734,63318.89583,15.09408879,4.836089479,19.3985284,529.6909308,486.3686364,1511,761378,1121,3343158,190472,1106
227,71850,36321,35529,22.88830136,22.59899298,36.8618882,17.65081745,23.00208768,1.827418232,52.88796103,20.15309673,2.129436326,50.63801715,20.32419188,14.18339459,10.51738762,4.337008764,39013.41726,35211.51848,28156.27226,51842.17271,47790.16321,48634.99733,35.63003201,8.061728601,17.3683897,511.2019084,526.5957447,0,790597,1356,1852309,48673,178
228,57377,30420,26957,19.64865206,24.89761606,38.33733374,17.11639814,35.65365913,4.395489482,14.81081269,41.09834951,4.041689179,36.60479244,23.0802115,17.56553043,14.52581843,8.223647204,48959.35526,47386.51482,38308.4487,66975.85019,64791.09399,58249.98504,28.61033689,8.577557209,20.98458964,516.8295931,501.0559098,845,512057,1354,1871442,105886,3653
229,27517,12314,15203,7.462107641,19.07459827,32.7969296,40.66636448,86.07406331,1.748010321,10.29908784,0.51241051,1.366428026,1.790382635,5.371147905,14.56072249,40.46977739,37.80796958,128237.9647,237467.4863,85708.52975,233970.3157,395099.4667,143040.7841,4.437216993,4.063179126,2.262979249,,,26833,192473,259,5378523,521070,666
230,6322,3627,2695,4.089578995,27.21954212,39.82436403,28.86651486,63.27111674,9.11104081,21.84435305,3.511546979,2.261942423,8.930047958,11.41061683,8.863899454,39.04415413,31.75128163,94970.67545,161654.7203,81594.127,129355.4476,219236.1582,106318.0335,18.59976273,5.449620373,4.773204682,,,36131,598644,388,26463958,923700,11945
231,19894,9789,10105,18.16254693,18.36239987,43.69066724,19.78438596,77.6113401,3.845380517,12.14436514,1.000301598,5.398612647,4.183518706,5.460060667,15.12259858,40.05308392,35.18073812,204531.6258,248089.4065,125608.3218,367370.1589,474321.4889,253771.4981,5.052387655,3.483200965,2.135457927,,,108779,379927,716,10703978,638570,9225
232,45218,20421,24797,12.64625432,19.30217171,34.05156596,34.000008,33.28541731,11.63032421,30.95006413,19.98319253,4.151001813,27.81734395,22.83462505,19.14537076,20.04084625,10.16181399,34011.99929,47899.54938,26695.96094,57742.26151,63288.61164,49803.88877,29.32336238,10.15680702,6.685680481,,,48496,666771,504,1674085,190793,122
233,17428,8433,8995,7.962381037,25.98131244,38.98212095,27.07418557,71.60890521,2.289419325,22.99747533,0.504934588,2.59926555,2.107448415,5.089330649,10.14720684,47.71011575,34.94589834,116117.1383,177965.2833,89657.79213,162238.8985,240212.5005,124082.1799,6.030594446,2.019646546,5.492770255,,,34855,233512,227,0,474980,1351
234,14970,7850,7120,10.1394656,25.8138811,41.23253841,22.8141149,75.73146293,3.219772879,16.30594522,1.549766199,3.193052772,3.887640449,4.779026217,13.34082397,42.20224719,35.79026217,147862.5574,217431.6708,112009.979,243116.8502,344767.6802,192421.9874,9.214555778,4.65744155,4.137227789,,,107138,313106,342,30078094,896610,704
235,55575,24958,30617,23.23455828,25.76946056,33.45835388,17.53762727,10.63067926,33.5528565,1.817363923,51.46558704,2.53351327,30.06475253,28.54131111,30.02459592,8.771709668,2.59763076,23146.77831,26024.13491,13958.20917,35107.27894,37482.2614,25981.4941,43.52111921,12.80282141,12.91146019,169.1388834,152.6604938,0,571072,1578,920959,69601,183
236,39275,17140,22135,14.99955632,15.21643884,33.01211976,36.77188507,88.239338,1.239974539,7.162316996,0.914067473,2.444302992,2.049485303,6.077142503,9.425772045,36.19930547,46.24829468,158193.4648,231110.8759,94862.27587,298436.4243,436647.5653,140646.6168,5.011857416,3.124379376,1.92259198,,,17718,227117,470,3484304,725800,1084
237,19318,8676,10642,14.18045826,8.011596947,28.77022481,49.03771998,93.08934672,0.704006626,4.104979812,0.320944197,1.780722642,2.137956383,4.380053908,10.73878951,38.77726048,43.96593972,165604.2496,240860.6285,85259.45701,311282.1654,464426.1657,168229.3491,5.75328709,3.839595196,1.652779791,,,21380,244630,262,8905928,799900,2401
238,54468,24520,29948,13.92411663,15.90229274,37.44638417,32.72720646,74.97246089,8.147903356,7.257472277,6.187119042,3.43504443,6.025390839,9.033700967,12.79189598,31.9534282,40.19558401,101457.0515,151864.2866,65041.97705,170381.1715,245968.3381,103224.7309,8.186702284,5.42900235,5.523753396,687.526291,796.8905773,30268,252731,692,5840354,484500,692
239,43826,20015,23811,12.86222865,14.48957244,40.74823669,31.89996222,84.83320403,3.739789166,7.422534569,1.829963948,2.174508283,3.953681615,7.352507572,9.451309406,37.66853406,41.57396735,117032.2282,200229.4619,80847.69661,221322.0377,359804.8475,131561.1839,7.524811756,3.735266737,5.415625428,692.4943194,797.835367,47903,239977,586,1858373,607910,2656
240,62,17,45,8.083832335,53.19361277,0,38.72255489,0,87.09677419,0,12.90322581,0,18.86792453,7.547169811,73.58490566,0,0,0,43750,0,32904,49575,16242,12.9,0,8.1,,,0,88318,78,287913,15392,168
241,51157,24341,26816,20.56872566,22.9791859,32.79146417,23.66062428,20.19274,21.75264382,4.47055144,48.30228512,5.28177962,25.526788,26.7213535,27.54934632,13.30428095,6.898231223,42393.28399,44203.04425,30208.0551,53105.87494,55522.8859,41488.42475,25.66066227,12.65218445,13.22427429,229.1961077,211.0931188,0,451548,1221,312026,59448,173
242,29509,14837,14672,21.52150998,21.68701579,36.24272411,20.54875012,34.53861534,12.77576333,10.71537497,38.44589786,3.524348504,24.43181818,28.06543255,27.3643695,13.64552786,6.492851906,46963.15451,49167.98164,33801.26906,61485.62195,64621.49245,47314.54612,23.49682131,13.5543868,13.96588498,258.7401732,255.0199768,0,211278,833,393331,58571,1758
243,73523,36016,37507,14.44474941,24.0740013,36.28573361,25.19551567,42.17863798,9.658202195,2.980019858,38.59200522,6.591134747,26.1007888,14.82805556,22.60778301,22.21912462,14.24424802,52337.70543,58020.64847,43147.57881,66100.75441,73179.83454,53672.04807,21.78326238,10.5825116,10.69981502,307.0187877,269.2034703,0,470507,2470,1945238,151786,2637
244,92476,46133,46343,13.64082292,27.33652779,35.09994288,23.92270641,32.36299148,16.10147498,3.293827588,40.41697305,7.824732904,29.82655967,19.1017344,22.73362671,19.61687807,8.721201139,42485.92685,45909.14099,30103.77929,56536.70172,61282.99787,45750.08301,27.43208616,13.11044487,14.80615511,404.9171106,364.0929065,0,850965,2298,4084214,236530,2563
245,18083,9327,8756,20.51277248,17.93029945,34.73871742,26.81821065,73.49444229,10.96610076,4.772438202,7.448985235,3.318033512,12.23878416,26.6768961,27.58293146,17.54347508,15.9579132,79235.89309,94323.92404,44702.11118,96088.4529,107986.5931,60770.4991,15.67369352,7.177852126,9.726566388,315.632804,304.2328042,0,52625,396,0,12441,574
246,9264,4829,4435,8.169049879,28.14290975,51.12431084,12.56372953,64.98272884,5.926165803,21.36226252,5.591537133,2.137305699,2.447137087,7.840342124,13.62556427,44.72558803,31.3613685,125882.8117,158684.8838,109915.1348,179698.3465,263835.7637,147353.5456,8.810945596,6.124352332,5.746373057,,,96528,283628,314,0,610170,870
247,37395,17966,19429,23.26892325,24.58407656,34.18353053,17.96346966,11.67268351,27.35392432,1.863885546,54.41903998,4.69046664,34.01556219,25.14658701,27.78330936,10.36987867,2.684662758,26037.33578,30748.78899,18048.79843,37550.1373,40534.03535,29340.89364,37.30893435,12.2932023,15.79742746,140.5157313,136.1842105,0,684346,1114,2259688.5,90930,2343
248,35752,17105,18647,22.58059943,22.94700458,35.03942023,19.43297576,17.87592303,31.91150145,4.492056388,41.31796823,4.402550906,37.78826395,28.09194003,24.84587868,7.60712383,1.666793515,28828.49145,34155.17129,18639.56987,39917.50822,43460.36463,27330.50427,35.73453513,13.49827982,15.76226505,186.0027286,179.7265625,0,257631,870,587734,32477,95
249,23025,11699,11326,5.598423553,24.35689419,45.93360804,24.11107421,86.22801303,1.841476656,7.630836048,2.201954397,2.09771987,1.415225234,5.92914624,11.15067986,48.77902137,32.7259273,109853.0539,186778.8223,102391.0223,173048.408,275621.4787,145931.0839,6.417633008,5.342957655,4.525068404,,,81543,200929,514,8135142,585820,468
250,28437,13282,15155,19.58342986,25.08231214,32.90208587,22.43217212,25.47033794,19.95287829,12.72989415,36.95185849,4.895031121,25.30109363,31.06455632,26.75003461,12.14526326,4.73905219,43962.14901,52583.20453,17395.37337,57589.88593,64102.57575,36238.51851,24.92268875,15.03543974,12.2173436,244.876598,240.8273511,0,242090,718,346034,33665,212
251,24131,11954,12177,17.64261615,17.77057142,35.78969193,28.7971205,83.56885334,4.144047076,6.841821723,2.333098504,3.112179354,7.539327616,29.0366707,28.73151997,19.49807965,15.19440206,80450.28609,102159.6576,35351.4444,97238.81901,118378.098,45697.92402,8.9619908,7.043698976,5.079901372,348.1431488,349.3333333,0,123278,585,0,11828,207
252,31090,15206,15884,16.98688788,15.61263452,32.86367541,34.53680219,71.60180122,0.572531361,21.18366034,4.609199099,2.032807977,13.15481711,26.42255112,25.09981046,22.91002944,12.41279187,80863.02524,91792.59695,50886.62461,98713.96773,106507.8202,72637.48711,5.003181087,5.611370216,8.687980058,544.4159452,543.5751376,0,179788,686,0,28403,298
253,0,0,0,,,,,,,,,,,,,,,,,,,,,,,,,,0,45446,42,0,5834,18
254,65043,30020,35023,20.70757285,23.16501352,33.6464838,22.48092983,8.277600972,72.33676183,1.216118568,15.32985871,2.839659917,22.13585463,29.60539809,31.05951844,12.32002953,4.879199311,41881.1929,48178.0577,23573.46558,53405.10999,59921.96958,32596.20405,24.01011946,16.07628338,12.4066187,230.3626927,216.8373852,0,462589,1627,698536,60984,247
255,19482,10385,9097,10.58919851,24.05071566,55.70197125,9.65811458,77.11733908,3.880505082,10.98963145,4.881429011,3.13109537,5.709302326,8.558139535,13.6627907,46.26744186,25.80232558,103405.1709,124331.5398,89688.46392,139342.3213,166548.9751,119100.3507,8.645128837,4.169145878,7.573678267,658.0071762,684.1432225,76933,176863,830,2571984.5,402710,431
256,34848,16963,17885,18.51934836,29.03638575,37.83280123,14.61146466,68.74426079,7.475321396,4.918503214,15.22899449,3.63292011,19.62868584,19.19912632,18.93702221,29.47579177,12.75937386,54866.17602,48195.8487,61035.72901,78989.42421,73274.37944,81986.32085,25.9331382,7.008207071,12.18180957,633.1777863,704.7619048,41494,283777,945,4608503,281700,169
257,22031,10214,11817,19.28112199,15.01948734,42.02502241,23.67436826,74.52226408,5.614815487,11.71077119,4.992964459,3.159184785,7.954150747,10.81972907,17.97499132,33.94697233,29.30415654,93405.15643,114016.4207,65337.50378,118325.2856,145273.3192,72055.08696,8.516022877,4.271798829,5.227170805,727.5307169,781.8301049,0,131127,376,685175,49782,30
258,62821,30752,32069,19.14711124,23.04664581,34.85956067,22.94668228,42.1419589,4.501679375,24.11613951,23.63381672,5.606405501,22.29917472,30.10824037,27.02069423,15.22000581,5.351884875,62834.63784,67617.76819,36313.3498,79619.55178,83470.41406,51075.5921,13.81900798,8.191825982,13.39258528,314.626104,319.25501,0,266919,1597,873898.5,51304,629
259,44064,20502,23562,17.15075713,22.00427536,34.48298311,26.3619844,21.36210966,61.55591866,4.416303558,10.67538126,1.990286855,17.42979943,30.57879656,26.25787966,18.66189112,7.071633238,58141.14465,69024.41579,28841.16148,70825.20736,78640.53055,46449.75633,14.50224219,10.60200844,10.30105982,247.4531284,243.5429111,0,461017,1142,1065402,43841,274
260,45702,23401,22301,16.37343742,19.59803427,39.45307499,24.57545332,46.78132248,1.444138112,39.75318367,8.128747101,3.892608639,21.64993216,26.95793758,21.06105834,21.19131615,9.139755767,53273.53982,60378.67473,42227.57235,67859.3122,73657.35144,51474.07396,14.35632139,6.819274868,18.911168,443.4921467,441.3901822,0,353643,754,3635465,138882,725
261,4537,1889,2648,9.89010989,35.56443556,47.55244755,6.993006993,68.41525237,2.689001543,21.07119242,2.711042539,5.113511131,0.547672392,1.244709983,8.264874284,58.00348519,31.93925815,124313,177159,104453,165469,217975,144765,6.4,3,4,,,19131,258407,323,6178926,225140,523
262,35483,14871,20612,13.05349604,18.49326478,35.47257402,32.98066516,83.32440887,4.51201984,7.076628245,2.229236536,2.857706507,3.98789155,6.333903659,14.3129771,40.34285338,35.02237431,101076.0314,183907.7157,67535.32889,169302.7806,273466.8608,90836.09965,6.575867317,3.683346955,5.183718964,725.5033936,758.5052984,13129,93861,283,0,315300,378
263,45795,20097,25698,10.46542867,23.80815653,42.5906177,23.1357971,81.45649088,3.581176984,10.56010481,0.971721804,3.430505514,2.131715771,8.457538995,9.482545184,47.54642238,32.38177767,99395.61561,160704.5074,78503.42565,137358.3553,209057.8979,98007.04448,7.127671143,4.584845507,4.970324271,775.5944869,876.6464934,34951,483800,454,0,470360,746